"materialsar","materialsen","quantityar","quantityen","quarterar","quarteren","yearar","yearen","average_pricesar","average_pricesen"
"اسمنت مقاوم للاملاح","Cement sulphate Resistance","","","Q1","Q1","2011","2011","12.67","12.67"
"اسمنت عادي بورتلاند","Cement Portland Cement","","","Q1","Q1","2011","2011","11.67","11.67"
"اسمنت ابيض","Cement White Cement","","","Q1","Q1","2011","2011","32.67","32.67"
"الجير","Lime","","","Q1","Q1","2011","2011","20.17","20.17"
"الجبس","Gypsum","","","Q1","Q1","2011","2011","11.94","11.94"
"بحص كونكري مكسر 3/4 انش","Aggreates 3/4","","","Q1","Q1","2011","2011","1050","1050"
"بحص كونكري مكسر 3/8 انش","Aggreates 3/8","","","Q1","Q1","2011","2011","1050","1050"
"بحص كونكري مكسر 3/16 انش ","Aggreates 3/16","","","Q1","Q1","2011","2011","1075","1075"
"الرمـــل / ابيض","Sand / White","","","Q1","Q1","2011","2011","1050","1050"
"الرمـــل / اسود","Sand / Black","","","Q1","Q1","2011","2011","934.72","934.72"
"الرمـــل / احمر","Sand / Red","","","Q1","Q1","2011","2011","779.17","779.17"
"طابوق أسمنتي / مفرغ - 4 سم","Hollow - 4 cm","","","Q1","Q1","2011","2011","2.09","2.09"
"طابوق أسمنتي / مفرغ - 6 سم","Hollow - 6 cm","","","Q1","Q1","2011","2011","2.32","2.32"
"طابوق أسمنتي / مفرغ - 8 سم","Hollow - 8 cm","","","Q1","Q1","2011","2011","2.45","2.45"
"طابوق أسمنتي / مصمت - 4 سم ","Solid - 4 cm","","","Q1","Q1","2011","2011","3.22","3.22"
"طابوق أسمنتي / مصمت - 6 سم","Solid - 6 cm","","","Q1","Q1","2011","2011","3.67","3.67"
"طابوق أسمنتي / مصمت - 8 سم","Solid - 8 cm","","","Q1","Q1","2011","2011","3.79","3.79"
"خرسانة جاهـزة / بورتلاند عادي نيوتن 40","Concrete Ready Mix / Normal - neutin 40","","","Q1","Q1","2011","2011","227.5","227.5"
"خرسانة جاهـزة / مقاوم للاملاح نيوتن 40","Concrete Ready Mix / Sulphate Resistance - neutin 40","","","Q1","Q1","2011","2011","233.33","233.33"
"حديد مبروم 8-6  ملم","Steel Bars 6-8 mm","","","Q1","Q1","2011","2011","2830.83","2830.83"
"حديد مبروم25 -10  ملم","steel Bars 10 - 25","","","Q1","Q1","2011","2011","2841.67","2841.67"
"شبك حديد للأرضيات  6 ملم","B.R.C. Mesh  6 m.m","","","Q1","Q1","2011","2011","85.67","85.67"
"شبك حديد للأرضيات  7 ملم","B.R.C. Mesh  7 m.m","","","Q1","Q1","2011","2011","110","110"
"شبك حديد للأرضيات  8 ملم","B.R.C. Mesh 8 m.m","","","Q1","Q1","2011","2011","148.17","148.17"
"اسمنت مقاوم للاملاح","Cement sulphate Resistance","","","Q2","Q2","2011","2011","14","14"
"اسمنت عادي بورتلاند","Cement Portland Cement","","","Q2","Q2","2011","2011","12.61","12.61"
"اسمنت ابيض","Cement White Cement","","","Q2","Q2","2011","2011","32.11","32.11"
"الجير","Lime","","","Q2","Q2","2011","2011","21","21"
"الجبس","Gypsum","","","Q2","Q2","2011","2011","13","13"
"بحص كونكري مكسر 3/4 انش","Aggreates 3/4","","","Q2","Q2","2011","2011","1050","1050"
"بحص كونكري مكسر 3/8 انش","Aggreates 3/8","","","Q2","Q2","2011","2011","1050","1050"
"بحص كونكري مكسر 3/16 انش ","Aggreates 3/16","","","Q2","Q2","2011","2011","1025","1025"
"الرمـــل / ابيض","Sand / White","","","Q2","Q2","2011","2011","1033.33","1033.33"
"الرمـــل / اسود","Sand / Black","","","Q2","Q2","2011","2011","950","950"
"الرمـــل / احمر","Sand / Red","","","Q2","Q2","2011","2011","770.83","770.83"
"طابوق أسمنتي / مفرغ - 4 سم","Hollow - 4 cm","","","Q2","Q2","2011","2011","2.04","2.04"
"طابوق أسمنتي / مفرغ - 6 سم","Hollow - 6 cm","","","Q2","Q2","2011","2011","2.26","2.26"
"طابوق أسمنتي / مفرغ - 8 سم","Hollow - 8 cm","","","Q2","Q2","2011","2011","2.4","2.4"
"طابوق أسمنتي / مصمت - 4 سم ","Solid - 4 cm","","","Q2","Q2","2011","2011","3.24","3.24"
"طابوق أسمنتي / مصمت - 6 سم","Solid - 6 cm","","","Q2","Q2","2011","2011","3.54","3.54"
"طابوق أسمنتي / مصمت - 8 سم","Solid - 8 cm","","","Q2","Q2","2011","2011","3.63","3.63"
"خرسانة جاهـزة / بورتلاند عادي نيوتن 40","Concrete Ready Mix / Normal - neutin 40","","","Q2","Q2","2011","2011","227.08","227.08"
"خرسانة جاهـزة / مقاوم للاملاح نيوتن 40","Concrete Ready Mix / Sulphate Resistance - neutin 40","","","Q2","Q2","2011","2011","233.61","233.61"
"حديد مبروم 8-6  ملم","Steel Bars 6-8 mm","","","Q2","Q2","2011","2011","2819.44","2819.44"
"حديد مبروم25 -10  ملم","steel Bars 10 - 25","","","Q2","Q2","2011","2011","2823.61","2823.61"
"شبك حديد للأرضيات  6 ملم","B.R.C. Mesh  6 m.m","","","Q2","Q2","2011","2011","83.64","83.64"
"شبك حديد للأرضيات  7 ملم","B.R.C. Mesh  7 m.m","","","Q2","Q2","2011","2011","112.78","112.78"
"شبك حديد للأرضيات  8 ملم","B.R.C. Mesh 8 m.m","","","Q2","Q2","2011","2011","143.64","143.64"
"اسمنت مقاوم للاملاح","Cement sulphate Resistance","","","Q3","Q3","2011","2011","12.75","12.75"
"اسمنت عادي بورتلاند","Cement Portland Cement","","","Q3","Q3","2011","2011","12.31","12.31"
"اسمنت ابيض","Cement White Cement","","","Q3","Q3","2011","2011","34","34"
"الجير","Lime","","","Q3","Q3","2011","2011","19.5","19.5"
"الجبس","Gypsum","","","Q3","Q3","2011","2011","13.56","13.56"
"بحص كونكري مكسر 3/4 انش","Aggreates 3/4","","","Q3","Q3","2011","2011","1025","1025"
"بحص كونكري مكسر 3/8 انش","Aggreates 3/8","","","Q3","Q3","2011","2011","1025","1025"
"بحص كونكري مكسر 3/16 انش ","Aggreates 3/16","","","Q3","Q3","2011","2011","1079.17","1079.17"
"الرمـــل / ابيض","Sand / White","","","Q3","Q3","2011","2011","1054.17","1054.17"
"الرمـــل / اسود","Sand / Black","","","Q3","Q3","2011","2011","920.83","920.83"
"الرمـــل / احمر","Sand / Red","","","Q3","Q3","2011","2011","754.17","754.17"
"طابوق أسمنتي / مفرغ - 4 سم","Hollow - 4 cm","","","Q3","Q3","2011","2011","1.94","1.94"
"طابوق أسمنتي / مفرغ - 6 سم","Hollow - 6 cm","","","Q3","Q3","2011","2011","2.16","2.16"
"طابوق أسمنتي / مفرغ - 8 سم","Hollow - 8 cm","","","Q3","Q3","2011","2011","2.35","2.35"
"طابوق أسمنتي / مصمت - 4 سم ","Solid - 4 cm","","","Q3","Q3","2011","2011","2.98","2.98"
"طابوق أسمنتي / مصمت - 6 سم","Solid - 6 cm","","","Q3","Q3","2011","2011","3.22","3.22"
"طابوق أسمنتي / مصمت - 8 سم","Solid - 8 cm","","","Q3","Q3","2011","2011","3.58","3.58"
"خرسانة جاهـزة / بورتلاند عادي نيوتن 40","Concrete Ready Mix / Normal - neutin 40","","","Q3","Q3","2011","2011","225.83","225.83"
"خرسانة جاهـزة / مقاوم للاملاح نيوتن 40","Concrete Ready Mix / Sulphate Resistance - neutin 40","","","Q3","Q3","2011","2011","230.83","230.83"
"حديد مبروم 8-6  ملم","Steel Bars 6-8 mm","","","Q3","Q3","2011","2011","2818.33","2818.33"
"حديد مبروم25 -10  ملم","steel Bars 10 - 25","","","Q3","Q3","2011","2011","2818.75","2818.75"
"شبك حديد للأرضيات  6 ملم","B.R.C. Mesh  6 m.m","","","Q3","Q3","2011","2011","86.25","86.25"
"شبك حديد للأرضيات  7 ملم","B.R.C. Mesh  7 m.m","","","Q3","Q3","2011","2011","116.67","116.67"
"شبك حديد للأرضيات  8 ملم","B.R.C. Mesh 8 m.m","","","Q3","Q3","2011","2011","150.42","150.42"
"اسمنت مقاوم للاملاح","Cement sulphate Resistance","","","Q4","Q4","2011","2011","12.67","12.67"
"اسمنت عادي بورتلاند","Cement Portland Cement","","","Q4","Q4","2011","2011","12.5","12.5"
"اسمنت ابيض","Cement White Cement","","","Q4","Q4","2011","2011","34.33","34.33"
"الجير","Lime","","","Q4","Q4","2011","2011","19.17","19.17"
"الجبس","Gypsum","","","Q4","Q4","2011","2011","13.39","13.39"
"بحص كونكري مكسر 3/4 انش","Aggreates 3/4","","","Q4","Q4","2011","2011","1000","1000"
"بحص كونكري مكسر 3/8 انش","Aggreates 3/8","","","Q4","Q4","2011","2011","1000","1000"
"بحص كونكري مكسر 3/16 انش ","Aggreates 3/16","","","Q4","Q4","2011","2011","1062.5","1062.5"
"الرمـــل / ابيض","Sand / White","","","Q4","Q4","2011","2011","1000","1000"
"الرمـــل / اسود","Sand / Black","","","Q4","Q4","2011","2011","875","875"
"الرمـــل / احمر","Sand / Red","","","Q4","Q4","2011","2011","825","825"
"طابوق أسمنتي / مفرغ - 4 سم","Hollow - 4 cm","","","Q4","Q4","2011","2011","1.93","1.93"
"طابوق أسمنتي / مفرغ - 6 سم","Hollow - 6 cm","","","Q4","Q4","2011","2011","2.13","2.13"
"طابوق أسمنتي / مفرغ - 8 سم","Hollow - 8 cm","","","Q4","Q4","2011","2011","2.31","2.31"
"طابوق أسمنتي / مصمت - 4 سم ","Solid - 4 cm","","","Q4","Q4","2011","2011","2.99","2.99"
"طابوق أسمنتي / مصمت - 6 سم","Solid - 6 cm","","","Q4","Q4","2011","2011","3.24","3.24"
"طابوق أسمنتي / مصمت - 8 سم","Solid - 8 cm","","","Q4","Q4","2011","2011","3.5","3.5"
"خرسانة جاهـزة / بورتلاند عادي نيوتن 40","Concrete Ready Mix / Normal - neutin 40","","","Q4","Q4","2011","2011","223.75","223.75"
"خرسانة جاهـزة / مقاوم للاملاح نيوتن 40","Concrete Ready Mix / Sulphate Resistance - neutin 40","","","Q4","Q4","2011","2011","228.75","228.75"
"حديد مبروم 8-6  ملم","Steel Bars 6-8 mm","","","Q4","Q4","2011","2011","2812.92","2812.92"
"حديد مبروم25 -10  ملم","steel Bars 10 - 25","","","Q4","Q4","2011","2011","2812.92","2812.92"
"شبك حديد للأرضيات  6 ملم","B.R.C. Mesh  6 m.m","","","Q4","Q4","2011","2011","85.33","85.33"
"شبك حديد للأرضيات  7 ملم","B.R.C. Mesh  7 m.m","","","Q4","Q4","2011","2011","117.89","117.89"
"شبك حديد للأرضيات  8 ملم","B.R.C. Mesh 8 m.m","","","Q4","Q4","2011","2011","149.25","149.25"
"اسمنت مقاوم للاملاح","Cement sulphate Resistance","","","Q1","Q1","2012","2012","12.5","12.5"
"اسمنت عادي بورتلاند","Cement Portland Cement","","","Q1","Q1","2012","2012","12.94","12.94"
"اسمنت ابيض","Cement White Cement","","","Q1","Q1","2012","2012","34.44","34.44"
"الجير","Lime","","","Q1","Q1","2012","2012","19.83","19.83"
"الجبس","Gypsum","","","Q1","Q1","2012","2012","13.39","13.39"
"بحص كونكري مكسر 3/4 انش","Aggreates 3/4","","","Q1","Q1","2012","2012","1000","1000"
"بحص كونكري مكسر 3/8 انش","Aggreates 3/8","","","Q1","Q1","2012","2012","1000","1000"
"بحص كونكري مكسر 3/16 انش ","Aggreates 3/16","","","Q1","Q1","2012","2012","1062.5","1062.5"
"الرمـــل / ابيض","Sand / White","","","Q1","Q1","2012","2012","995.83","995.83"
"الرمـــل / اسود","Sand / Black","","","Q1","Q1","2012","2012","875","875"
"الرمـــل / احمر","Sand / Red","","","Q1","Q1","2012","2012","820.83","820.83"
"طابوق أسمنتي / مفرغ - 4 سم","Hollow - 4 cm","","","Q1","Q1","2012","2012","1.97","1.97"
"طابوق أسمنتي / مفرغ - 6 سم","Hollow - 6 cm","","","Q1","Q1","2012","2012","2.18","2.18"
"طابوق أسمنتي / مفرغ - 8 سم","Hollow - 8 cm","","","Q1","Q1","2012","2012","2.37","2.37"
"طابوق أسمنتي / مصمت - 4 سم ","Solid - 4 cm","","","Q1","Q1","2012","2012","3.03","3.03"
"طابوق أسمنتي / مصمت - 6 سم","Solid - 6 cm","","","Q1","Q1","2012","2012","3.28","3.28"
"طابوق أسمنتي / مصمت - 8 سم","Solid - 8 cm","","","Q1","Q1","2012","2012","3.55","3.55"
"خرسانة جاهـزة / بورتلاند عادي نيوتن 40","Concrete Ready Mix / Normal - neutin 40","","","Q1","Q1","2012","2012","229.58","229.58"
"خرسانة جاهـزة / مقاوم للاملاح نيوتن 40","Concrete Ready Mix / Sulphate Resistance - neutin 40","","","Q1","Q1","2012","2012","235.42","235.42"
"حديد مبروم 8-6  ملم","Steel Bars 6-8 mm","","","Q1","Q1","2012","2012","2785","2785"
"حديد مبروم25 -10  ملم","steel Bars 10 - 25","","","Q1","Q1","2012","2012","2785","2785"
"شبك حديد للأرضيات  6 ملم","B.R.C. Mesh  6 m.m","","","Q1","Q1","2012","2012","86.17","86.17"
"شبك حديد للأرضيات  7 ملم","B.R.C. Mesh  7 m.m","","","Q1","Q1","2012","2012","117.11","117.11"
"شبك حديد للأرضيات  8 ملم","B.R.C. Mesh 8 m.m","","","Q1","Q1","2012","2012","147.42","147.42"
"اسمنت مقاوم للاملاح","Cement sulphate Resistance","","","Q2","Q2","2012","2012","14.33","14.33"
"اسمنت عادي بورتلاند","Cement Portland Cement","","","Q2","Q2","2012","2012","14.44","14.44"
"اسمنت ابيض","Cement White Cement","","","Q2","Q2","2012","2012","35.11","35.11"
"الجير","Lime","","","Q2","Q2","2012","2012","19.33","19.33"
"الجبس","Gypsum","","","Q2","Q2","2012","2012","13.67","13.67"
"بحص كونكري مكسر 3/4 انش","Aggreates 3/4","","","Q2","Q2","2012","2012","1008.33","1008.33"
"بحص كونكري مكسر 3/8 انش","Aggreates 3/8","","","Q2","Q2","2012","2012","1016.67","1016.67"
"بحص كونكري مكسر 3/16 انش ","Aggreates 3/16","","","Q2","Q2","2012","2012","1087.5","1087.5"
"الرمـــل / ابيض","Sand / White","","","Q2","Q2","2012","2012","1000","1000"
"الرمـــل / اسود","Sand / Black","","","Q2","Q2","2012","2012","937.5","937.5"
"الرمـــل / احمر","Sand / Red","","","Q2","Q2","2012","2012","737.5","737.5"
"طابوق أسمنتي / مفرغ - 4 سم","Hollow - 4 cm","","","Q2","Q2","2012","2012","1.88","1.88"
"طابوق أسمنتي / مفرغ - 6 سم","Hollow - 6 cm","","","Q2","Q2","2012","2012","2.14","2.14"
"طابوق أسمنتي / مفرغ - 8 سم","Hollow - 8 cm","","","Q2","Q2","2012","2012","2.31","2.31"
"طابوق أسمنتي / مصمت - 4 سم ","Solid - 4 cm","","","Q2","Q2","2012","2012","2.91","2.91"
"طابوق أسمنتي / مصمت - 6 سم","Solid - 6 cm","","","Q2","Q2","2012","2012","3.11","3.11"
"طابوق أسمنتي / مصمت - 8 سم","Solid - 8 cm","","","Q2","Q2","2012","2012","3.37","3.37"
"خرسانة جاهـزة / بورتلاند عادي نيوتن 40","Concrete Ready Mix / Normal - neutin 40","","","Q2","Q2","2012","2012","231.67","231.67"
"خرسانة جاهـزة / مقاوم للاملاح نيوتن 40","Concrete Ready Mix / Sulphate Resistance - neutin 40","","","Q2","Q2","2012","2012","236.67","236.67"
"حديد مبروم 8-6  ملم","Steel Bars 6-8 mm","","","Q2","Q2","2012","2012","2676.25","2676.25"
"حديد مبروم25 -10  ملم","steel Bars 10 - 25","","","Q2","Q2","2012","2012","2730.42","2730.42"
"شبك حديد للأرضيات  6 ملم","B.R.C. Mesh  6 m.m","","","Q2","Q2","2012","2012","86.75","86.75"
"شبك حديد للأرضيات  7 ملم","B.R.C. Mesh  7 m.m","","","Q2","Q2","2012","2012","110.56","110.56"
"شبك حديد للأرضيات  8 ملم","B.R.C. Mesh 8 m.m","","","Q2","Q2","2012","2012","139.64","139.64"
"اسمنت مقاوم للاملاح","Cement sulphate Resistance","","","Q3","Q3","2012","2012","14.42","14.42"
"اسمنت عادي بورتلاند","Cement Portland Cement","","","Q3","Q3","2012","2012","14.44","14.44"
"اسمنت ابيض","Cement White Cement","","","Q3","Q3","2012","2012","35.56","35.56"
"الجير","Lime","","","Q3","Q3","2012","2012","20.17","20.17"
"الجبس","Gypsum","","","Q3","Q3","2012","2012","12.78","12.78"
"بحص كونكري مكسر 3/4 انش","Aggreates 3/4","","","Q3","Q3","2012","2012","987.5","987.5"
"بحص كونكري مكسر 3/8 انش","Aggreates 3/8","","","Q3","Q3","2012","2012","1000","1000"
"بحص كونكري مكسر 3/16 انش ","Aggreates 3/16","","","Q3","Q3","2012","2012","1062.5","1062.5"
"الرمـــل / ابيض","Sand / White","","","Q3","Q3","2012","2012","995.83","995.83"
"الرمـــل / اسود","Sand / Black","","","Q3","Q3","2012","2012","925","925"
"الرمـــل / احمر","Sand / Red","","","Q3","Q3","2012","2012","745.83","745.83"
"طابوق أسمنتي / مفرغ - 4 سم","Hollow - 4 cm","","","Q3","Q3","2012","2012","1.73","1.73"
"طابوق أسمنتي / مفرغ - 6 سم","Hollow - 6 cm","","","Q3","Q3","2012","2012","1.94","1.94"
"طابوق أسمنتي / مفرغ - 8 سم","Hollow - 8 cm","","","Q3","Q3","2012","2012","2.14","2.14"
"طابوق أسمنتي / مصمت - 4 سم ","Solid - 4 cm","","","Q3","Q3","2012","2012","2.71","2.71"
"طابوق أسمنتي / مصمت - 6 سم","Solid - 6 cm","","","Q3","Q3","2012","2012","2.91","2.91"
"طابوق أسمنتي / مصمت - 8 سم","Solid - 8 cm","","","Q3","Q3","2012","2012","3.25","3.25"
"خرسانة جاهـزة / بورتلاند عادي نيوتن 40","Concrete Ready Mix / Normal - neutin 40","","","Q3","Q3","2012","2012","230","230"
"خرسانة جاهـزة / مقاوم للاملاح نيوتن 40","Concrete Ready Mix / Sulphate Resistance - neutin 40","","","Q3","Q3","2012","2012","235","235"
"حديد مبروم 8-6  ملم","Steel Bars 6-8 mm","","","Q3","Q3","2012","2012","2668.33","2668.33"
"حديد مبروم25 -10  ملم","steel Bars 10 - 25","","","Q3","Q3","2012","2012","2768.33","2768.33"
"شبك حديد للأرضيات  6 ملم","B.R.C. Mesh  6 m.m","","","Q3","Q3","2012","2012","82.92","82.92"
"شبك حديد للأرضيات  7 ملم","B.R.C. Mesh  7 m.m","","","Q3","Q3","2012","2012","106.22","106.22"
"شبك حديد للأرضيات  8 ملم","B.R.C. Mesh 8 m.m","","","Q3","Q3","2012","2012","138.33","138.33"
"اسمنت مقاوم للاملاح","Cement sulphate Resistance","","","Q4","Q4","2012","2012","14.5","14.5"
"اسمنت عادي بورتلاند","Cement Portland Cement","","","Q4","Q4","2012","2012","14.5","14.5"
"اسمنت ابيض","Cement White Cement","","","Q4","Q4","2012","2012","36","36"
"الجير","Lime","","","Q4","Q4","2012","2012","21","21"
"الجبس","Gypsum","","","Q4","Q4","2012","2012","12","12"
"بحص كونكري مكسر 3/4 انش","Aggreates 3/4","","","Q4","Q4","2012","2012","1000","1000"
"بحص كونكري مكسر 3/8 انش","Aggreates 3/8","","","Q4","Q4","2012","2012","1004.17","1004.17"
"بحص كونكري مكسر 3/16 انش ","Aggreates 3/16","","","Q4","Q4","2012","2012","1070.83","1070.83"
"الرمـــل / ابيض","Sand / White","","","Q4","Q4","2012","2012","1020.83","1020.83"
"الرمـــل / اسود","Sand / Black","","","Q4","Q4","2012","2012","950","950"
"الرمـــل / احمر","Sand / Red","","","Q4","Q4","2012","2012","750","750"
"طابوق أسمنتي / مفرغ - 4 سم","Hollow - 4 cm","","","Q4","Q4","2012","2012","1.64","1.64"
"طابوق أسمنتي / مفرغ - 6 سم","Hollow - 6 cm","","","Q4","Q4","2012","2012","1.86","1.86"
"طابوق أسمنتي / مفرغ - 8 سم","Hollow - 8 cm","","","Q4","Q4","2012","2012","2.05","2.05"
"طابوق أسمنتي / مصمت - 4 سم ","Solid - 4 cm","","","Q4","Q4","2012","2012","2.38","2.38"
"طابوق أسمنتي / مصمت - 6 سم","Solid - 6 cm","","","Q4","Q4","2012","2012","2.64","2.64"
"طابوق أسمنتي / مصمت - 8 سم","Solid - 8 cm","","","Q4","Q4","2012","2012","3.06","3.06"
"خرسانة جاهـزة / بورتلاند عادي نيوتن 40","Concrete Ready Mix / Normal - neutin 40","","","Q4","Q4","2012","2012","230","230"
"خرسانة جاهـزة / مقاوم للاملاح نيوتن 40","Concrete Ready Mix / Sulphate Resistance - neutin 40","","","Q4","Q4","2012","2012","235","235"
"حديد مبروم 8-6  ملم","Steel Bars 6-8 mm","","","Q4","Q4","2012","2012","2529.17","2529.17"
"حديد مبروم25 -10  ملم","steel Bars 10 - 25","","","Q4","Q4","2012","2012","2562.5","2562.5"
"شبك حديد للأرضيات  6 ملم","B.R.C. Mesh  6 m.m","","","Q4","Q4","2012","2012","77.5","77.5"
"شبك حديد للأرضيات  7 ملم","B.R.C. Mesh  7 m.m","","","Q4","Q4","2012","2012","103.22","103.22"
"شبك حديد للأرضيات  8 ملم","B.R.C. Mesh 8 m.m","","","Q4","Q4","2012","2012","137.75","137.75"
"اسمنت مقاوم للاملاح","Cement sulphate Resistance","","","Q1","Q1","2013","2013","14.88","14.88"
"اسمنت عادي بورتلاند","Cement Portland Cement","","","Q1","Q1","2013","2013","14.11","14.11"
"اسمنت ابيض","Cement White Cement","","","Q1","Q1","2013","2013","34.79","34.79"
"الجير","Lime","","","Q1","Q1","2013","2013","18.5","18.5"
"الجبس","Gypsum","","","Q1","Q1","2013","2013","11.14","11.14"
"بحص كونكري مكسر 3/4 انش","Aggreates 3/4","","","Q1","Q1","2013","2013","883.33","883.33"
"بحص كونكري مكسر 3/8 انش","Aggreates 3/8","","","Q1","Q1","2013","2013","883.33","883.33"
"بحص كونكري مكسر 3/16 انش ","Aggreates 3/16","","","Q1","Q1","2013","2013","933.33","933.33"
"الرمـــل / ابيض","Sand / White","","","Q1","Q1","2013","2013","925","925"
"الرمـــل / اسود","Sand / Black","","","Q1","Q1","2013","2013","862.5","862.5"
"الرمـــل / احمر","Sand / Red","","","Q1","Q1","2013","2013","587.5","587.5"
"طابوق أسمنتي / مفرغ - 4 سم","Hollow - 4 cm","","","Q1","Q1","2013","2013","1.81","1.81"
"طابوق أسمنتي / مفرغ - 6 سم","Hollow - 6 cm","","","Q1","Q1","2013","2013","2.01","2.01"
"طابوق أسمنتي / مفرغ - 8 سم","Hollow - 8 cm","","","Q1","Q1","2013","2013","2.14","2.14"
"طابوق أسمنتي / مصمت - 4 سم ","Solid - 4 cm","","","Q1","Q1","2013","2013","2.57","2.57"
"طابوق أسمنتي / مصمت - 6 سم","Solid - 6 cm","","","Q1","Q1","2013","2013","2.88","2.88"
"طابوق أسمنتي / مصمت - 8 سم","Solid - 8 cm","","","Q1","Q1","2013","2013","3.05","3.05"
"خرسانة جاهـزة / بورتلاند عادي نيوتن 40","Concrete Ready Mix / Normal - neutin 40","","","Q1","Q1","2013","2013","225","225"
"خرسانة جاهـزة / مقاوم للاملاح نيوتن 40","Concrete Ready Mix / Sulphate Resistance - neutin 40","","","Q1","Q1","2013","2013","230","230"
"حديد مبروم 8-6  ملم","Steel Bars 6-8 mm","","","Q1","Q1","2013","2013","2552.92","2552.92"
"حديد مبروم25 -10  ملم","steel Bars 10 - 25","","","Q1","Q1","2013","2013","2541.67","2541.67"
"شبك حديد للأرضيات  6 ملم","B.R.C. Mesh  6 m.m","","","Q1","Q1","2013","2013","75.4","75.4"
"شبك حديد للأرضيات  7 ملم","B.R.C. Mesh  7 m.m","","","Q1","Q1","2013","2013","100.89","100.89"
"شبك حديد للأرضيات  8 ملم","B.R.C. Mesh 8 m.m","","","Q1","Q1","2013","2013","132.67","132.67"
"اسمنت مقاوم للاملاح","Cement sulphate Resistance","","","Q2","Q2","2013","2013","14.69","14.69"
"اسمنت عادي بورتلاند","Cement Portland Cement","","","Q2","Q2","2013","2013","14.07","14.07"
"اسمنت ابيض","Cement White Cement","","","Q2","Q2","2013","2013","34.79","34.79"
"الجير","Lime","","","Q2","Q2","2013","2013","18.5","18.5"
"الجبس","Gypsum","","","Q2","Q2","2013","2013","11.14","11.14"
"بحص كونكري مكسر 3/4 انش","Aggreates 3/4","","","Q2","Q2","2013","2013","895.83","895.83"
"بحص كونكري مكسر 3/8 انش","Aggreates 3/8","","","Q2","Q2","2013","2013","895.83","895.83"
"بحص كونكري مكسر 3/16 انش ","Aggreates 3/16","","","Q2","Q2","2013","2013","966.67","966.67"
"الرمـــل / ابيض","Sand / White","","","Q2","Q2","2013","2013","937.5","937.5"
"الرمـــل / اسود","Sand / Black","","","Q2","Q2","2013","2013","862.5","862.5"
"الرمـــل / احمر","Sand / Red","","","Q2","Q2","2013","2013","579.17","579.17"
"طابوق أسمنتي / مفرغ - 4 سم","Hollow - 4 cm","","","Q2","Q2","2013","2013","1.85","1.85"
"طابوق أسمنتي / مفرغ - 6 سم","Hollow - 6 cm","","","Q2","Q2","2013","2013","2.06","2.06"
"طابوق أسمنتي / مفرغ - 8 سم","Hollow - 8 cm","","","Q2","Q2","2013","2013","2.21","2.21"
"طابوق أسمنتي / مصمت - 4 سم ","Solid - 4 cm","","","Q2","Q2","2013","2013","2.77","2.77"
"طابوق أسمنتي / مصمت - 6 سم","Solid - 6 cm","","","Q2","Q2","2013","2013","3.14","3.14"
"طابوق أسمنتي / مصمت - 8 سم","Solid - 8 cm","","","Q2","Q2","2013","2013","3.15","3.15"
"خرسانة جاهـزة / بورتلاند عادي نيوتن 40","Concrete Ready Mix / Normal - neutin 40","","","Q2","Q2","2013","2013","221.67","221.67"
"خرسانة جاهـزة / مقاوم للاملاح نيوتن 40","Concrete Ready Mix / Sulphate Resistance - neutin 40","","","Q2","Q2","2013","2013","226.67","226.67"
"حديد مبروم 8-6  ملم","Steel Bars 6-8 mm","","","Q2","Q2","2013","2013","2538.75","2538.75"
"حديد مبروم25 -10  ملم","steel Bars 10 - 25","","","Q2","Q2","2013","2013","2524.33","2524.33"
"شبك حديد للأرضيات  6 ملم","B.R.C. Mesh  6 m.m","","","Q2","Q2","2013","2013","73.6","73.6"
"شبك حديد للأرضيات  7 ملم","B.R.C. Mesh  7 m.m","","","Q2","Q2","2013","2013","100.89","100.89"
"شبك حديد للأرضيات  8 ملم","B.R.C. Mesh 8 m.m","","","Q2","Q2","2013","2013","129.27","129.27"
"اسمنت مقاوم للاملاح","Cement sulphate Resistance","","","Q3","Q3","2013","2013","14.65","14.65"
"اسمنت عادي بورتلاند","Cement Portland Cement","","","Q3","Q3","2013","2013","13.96","13.96"
"اسمنت ابيض","Cement White Cement","","","Q3","Q3","2013","2013","34.79","34.79"
"الجير","Lime","","","Q3","Q3","2013","2013","18.58","18.58"
"الجبس","Gypsum","","","Q3","Q3","2013","2013","11.1","11.1"
"بحص كونكري مكسر 3/4 انش","Aggreates 3/4","","","Q3","Q3","2013","2013","891.67","891.67"
"بحص كونكري مكسر 3/8 انش","Aggreates 3/8","","","Q3","Q3","2013","2013","891.67","891.67"
"بحص كونكري مكسر 3/16 انش ","Aggreates 3/16","","","Q3","Q3","2013","2013","955.56","955.56"
"الرمـــل / ابيض","Sand / White","","","Q3","Q3","2013","2013","937.5","937.5"
"الرمـــل / اسود","Sand / Black","","","Q3","Q3","2013","2013","862.5","862.5"
"الرمـــل / احمر","Sand / Red","","","Q3","Q3","2013","2013","562.5","562.5"
"طابوق أسمنتي / مفرغ - 4 سم","Hollow - 4 cm","","","Q3","Q3","2013","2013","1.9","1.9"
"طابوق أسمنتي / مفرغ - 6 سم","Hollow - 6 cm","","","Q3","Q3","2013","2013","2.1","2.1"
"طابوق أسمنتي / مفرغ - 8 سم","Hollow - 8 cm","","","Q3","Q3","2013","2013","2.26","2.26"
"طابوق أسمنتي / مصمت - 4 سم ","Solid - 4 cm","","","Q3","Q3","2013","2013","2.89","2.89"
"طابوق أسمنتي / مصمت - 6 سم","Solid - 6 cm","","","Q3","Q3","2013","2013","3.33","3.33"
"طابوق أسمنتي / مصمت - 8 سم","Solid - 8 cm","","","Q3","Q3","2013","2013","3.29","3.29"
"خرسانة جاهـزة / بورتلاند عادي نيوتن 40","Concrete Ready Mix / Normal - neutin 40","","","Q3","Q3","2013","2013","219.17","219.17"
"خرسانة جاهـزة / مقاوم للاملاح نيوتن 40","Concrete Ready Mix / Sulphate Resistance - neutin 40","","","Q3","Q3","2013","2013","224.17","224.17"
"حديد مبروم 8-6  ملم","Steel Bars 6-8 mm","","","Q3","Q3","2013","2013","2495","2495"
"حديد مبروم25 -10  ملم","steel Bars 10 - 25","","","Q3","Q3","2013","2013","2496","2496"
"شبك حديد للأرضيات  6 ملم","B.R.C. Mesh  6 m.m","","","Q3","Q3","2013","2013","72","72"
"شبك حديد للأرضيات  7 ملم","B.R.C. Mesh  7 m.m","","","Q3","Q3","2013","2013","98.22","98.22"
"شبك حديد للأرضيات  8 ملم","B.R.C. Mesh 8 m.m","","","Q3","Q3","2013","2013","123.33","123.33"
"اسمنت مقاوم للاملاح","Cement sulphate Resistance","","","Q4","Q4","2013","2013","14.56","14.56"
"اسمنت عادي بورتلاند","Cement Portland Cement","","","Q4","Q4","2013","2013","13.68","13.68"
"اسمنت ابيض","Cement White Cement","","","Q4","Q4","2013","2013","34.98","34.98"
"الجير","Lime","","","Q4","Q4","2013","2013","18.75","18.75"
"الجبس","Gypsum","","","Q4","Q4","2013","2013","10.67","10.67"
"بحص كونكري مكسر 3/4 انش","Aggreates 3/4","","","Q4","Q4","2013","2013","900","900"
"بحص كونكري مكسر 3/8 انش","Aggreates 3/8","","","Q4","Q4","2013","2013","900","900"
"بحص كونكري مكسر 3/16 انش ","Aggreates 3/16","","","Q4","Q4","2013","2013","1000","1000"
"الرمـــل / ابيض","Sand / White","","","Q4","Q4","2013","2013","933.33","933.33"
"الرمـــل / اسود","Sand / Black","","","Q4","Q4","2013","2013","862.5","862.5"
"الرمـــل / احمر","Sand / Red","","","Q4","Q4","2013","2013","566.67","566.67"
"طابوق أسمنتي / مفرغ - 4 سم","Hollow - 4 cm","","","Q4","Q4","2013","2013","1.91","1.91"
"طابوق أسمنتي / مفرغ - 6 سم","Hollow - 6 cm","","","Q4","Q4","2013","2013","2.12","2.12"
"طابوق أسمنتي / مفرغ - 8 سم","Hollow - 8 cm","","","Q4","Q4","2013","2013","2.27","2.27"
"طابوق أسمنتي / مصمت - 4 سم ","Solid - 4 cm","","","Q4","Q4","2013","2013","2.93","2.93"
"طابوق أسمنتي / مصمت - 6 سم","Solid - 6 cm","","","Q4","Q4","2013","2013","3.4","3.4"
"طابوق أسمنتي / مصمت - 8 سم","Solid - 8 cm","","","Q4","Q4","2013","2013","3.34","3.34"
"خرسانة جاهـزة / بورتلاند عادي نيوتن 40","Concrete Ready Mix / Normal - neutin 40","","","Q4","Q4","2013","2013","219.17","219.17"
"خرسانة جاهـزة / مقاوم للاملاح نيوتن 40","Concrete Ready Mix / Sulphate Resistance - neutin 40","","","Q4","Q4","2013","2013","224.17","224.17"
"حديد مبروم 8-6  ملم","Steel Bars 6-8 mm","","","Q4","Q4","2013","2013","2408.33","2408.33"
"حديد مبروم25 -10  ملم","steel Bars 10 - 25","","","Q4","Q4","2013","2013","2403.33","2403.33"
"شبك حديد للأرضيات  6 ملم","B.R.C. Mesh  6 m.m","","","Q4","Q4","2013","2013","67.47","67.47"
"شبك حديد للأرضيات  7 ملم","B.R.C. Mesh  7 m.m","","","Q4","Q4","2013","2013","97.33","97.33"
"شبك حديد للأرضيات  8 ملم","B.R.C. Mesh 8 m.m","","","Q4","Q4","2013","2013","118.13","118.13"
"اسمنت مقاوم للاملاح","Cement sulphate Resistance","","","Q1","Q1","2014","2014","14.56","14.56"
"اسمنت عادي بورتلاند","Cement Portland Cement","","","Q1","Q1","2014","2014","13.54","13.54"
"اسمنت ابيض","Cement White Cement","","","Q1","Q1","2014","2014","35.07","35.07"
"الجير","Lime","","","Q1","Q1","2014","2014","18.75","18.75"
"الجبس","Gypsum","","","Q1","Q1","2014","2014","10.57","10.57"
"بحص كونكري مكسر 3/4 انش","Aggreates 3/4","","","Q1","Q1","2014","2014","912.5","912.5"
"بحص كونكري مكسر 3/8 انش","Aggreates 3/8","","","Q1","Q1","2014","2014","912.5","912.5"
"بحص كونكري مكسر 3/16 انش ","Aggreates 3/16","","","Q1","Q1","2014","2014","1000","1000"
"الرمـــل / ابيض","Sand / White","","","Q1","Q1","2014","2014","925","925"
"الرمـــل / اسود","Sand / Black","","","Q1","Q1","2014","2014","862.5","862.5"
"الرمـــل / احمر","Sand / Red","","","Q1","Q1","2014","2014","566.67","566.67"
"طابوق أسمنتي / مفرغ - 4 سم","Hollow - 4 cm","","","Q1","Q1","2014","2014","1.91","1.91"
"طابوق أسمنتي / مفرغ - 6 سم","Hollow - 6 cm","","","Q1","Q1","2014","2014","2.12","2.12"
"طابوق أسمنتي / مفرغ - 8 سم","Hollow - 8 cm","","","Q1","Q1","2014","2014","2.27","2.27"
"طابوق أسمنتي / مصمت - 4 سم ","Solid - 4 cm","","","Q1","Q1","2014","2014","2.93","2.93"
"طابوق أسمنتي / مصمت - 6 سم","Solid - 6 cm","","","Q1","Q1","2014","2014","3.4","3.4"
"طابوق أسمنتي / مصمت - 8 سم","Solid - 8 cm","","","Q1","Q1","2014","2014","3.32","3.32"
"خرسانة جاهـزة / بورتلاند عادي نيوتن 40","Concrete Ready Mix / Normal - neutin 40","","","Q1","Q1","2014","2014","222.5","222.5"
"خرسانة جاهـزة / مقاوم للاملاح نيوتن 40","Concrete Ready Mix / Sulphate Resistance - neutin 40","","","Q1","Q1","2014","2014","227.5","227.5"
"حديد مبروم 8-6  ملم","Steel Bars 6-8 mm","","","Q1","Q1","2014","2014","2418.33","2418.33"
"حديد مبروم25 -10  ملم","steel Bars 10 - 25","","","Q1","Q1","2014","2014","2419.67","2419.67"
"شبك حديد للأرضيات  6 ملم","B.R.C. Mesh  6 m.m","","","Q1","Q1","2014","2014","66.8","66.8"
"شبك حديد للأرضيات  7 ملم","B.R.C. Mesh  7 m.m","","","Q1","Q1","2014","2014","100.56","100.56"
"شبك حديد للأرضيات  8 ملم","B.R.C. Mesh 8 m.m","","","Q1","Q1","2014","2014","118.07","118.07"
"اسمنت مقاوم للاملاح","Cement sulphate Resistance","","","Q2","Q2","2014","2014","14.69","14.69"
"اسمنت عادي بورتلاند","Cement Portland Cement","","","Q2","Q2","2014","2014","13.65","13.65"
"اسمنت ابيض","Cement White Cement","","","Q2","Q2","2014","2014","34.86","34.86"
"الجير","Lime","","","Q2","Q2","2014","2014","18.75","18.75"
"الجبس","Gypsum","","","Q2","Q2","2014","2014","10.9","10.9"
"بحص كونكري مكسر 3/4 انش","Aggreates 3/4","","","Q2","Q2","2014","2014","912.5","912.5"
"بحص كونكري مكسر 3/8 انش","Aggreates 3/8","","","Q2","Q2","2014","2014","912.5","912.5"
"بحص كونكري مكسر 3/16 انش ","Aggreates 3/16","","","Q2","Q2","2014","2014","1011.11","1011.11"
"الرمـــل / ابيض","Sand / White","","","Q2","Q2","2014","2014","933.33","933.33"
"الرمـــل / اسود","Sand / Black","","","Q2","Q2","2014","2014","870.83","870.83"
"الرمـــل / احمر","Sand / Red","","","Q2","Q2","2014","2014","579.17","579.17"
"طابوق أسمنتي / مفرغ - 4 سم","Hollow - 4 cm","","","Q2","Q2","2014","2014","1.89","1.89"
"طابوق أسمنتي / مفرغ - 6 سم","Hollow - 6 cm","","","Q2","Q2","2014","2014","2.1","2.1"
"طابوق أسمنتي / مفرغ - 8 سم","Hollow - 8 cm","","","Q2","Q2","2014","2014","2.24","2.24"
"طابوق أسمنتي / مصمت - 4 سم ","Solid - 4 cm","","","Q2","Q2","2014","2014","2.93","2.93"
"طابوق أسمنتي / مصمت - 6 سم","Solid - 6 cm","","","Q2","Q2","2014","2014","3.41","3.41"
"طابوق أسمنتي / مصمت - 8 سم","Solid - 8 cm","","","Q2","Q2","2014","2014","3.38","3.38"
"خرسانة جاهـزة / بورتلاند عادي نيوتن 40","Concrete Ready Mix / Normal - neutin 40","","","Q2","Q2","2014","2014","227.08","227.08"
"خرسانة جاهـزة / مقاوم للاملاح نيوتن 40","Concrete Ready Mix / Sulphate Resistance - neutin 40","","","Q2","Q2","2014","2014","232.92","232.92"
"حديد مبروم 8-6  ملم","Steel Bars 6-8 mm","","","Q2","Q2","2014","2014","2430.83","2430.83"
"حديد مبروم25 -10  ملم","steel Bars 10 - 25","","","Q2","Q2","2014","2014","2471.33","2471.33"
"شبك حديد للأرضيات  6 ملم","B.R.C. Mesh  6 m.m","","","Q2","Q2","2014","2014","67.4","67.4"
"شبك حديد للأرضيات  7 ملم","B.R.C. Mesh  7 m.m","","","Q2","Q2","2014","2014","101.67","101.67"
"شبك حديد للأرضيات  8 ملم","B.R.C. Mesh 8 m.m","","","Q2","Q2","2014","2014","118.53","118.53"
"اسمنت مقاوم للاملاح","Cement sulphate Resistance","","","Q3","Q3","2014","2014","14.75","14.75"
"اسمنت عادي بورتلاند","Cement Portland Cement","","","Q3","Q3","2014","2014","13.92","13.92"
"اسمنت ابيض","Cement White Cement","","","Q3","Q3","2014","2014","34.57","34.57"
"الجير","Lime","","","Q3","Q3","2014","2014","18.75","18.75"
"الجبس","Gypsum","","","Q3","Q3","2014","2014","11","11"
"بحص كونكري مكسر 3/4 انش","Aggreates 3/4","","","Q3","Q3","2014","2014","912.5","912.5"
"بحص كونكري مكسر 3/8 انش","Aggreates 3/8","","","Q3","Q3","2014","2014","912.5","912.5"
"بحص كونكري مكسر 3/16 انش ","Aggreates 3/16","","","Q3","Q3","2014","2014","1033.33","1033.33"
"الرمـــل / ابيض","Sand / White","","","Q3","Q3","2014","2014","937.5","937.5"
"الرمـــل / اسود","Sand / Black","","","Q3","Q3","2014","2014","875","875"
"الرمـــل / احمر","Sand / Red","","","Q3","Q3","2014","2014","579.17","579.17"
"طابوق أسمنتي / مفرغ - 4 سم","Hollow - 4 cm","","","Q3","Q3","2014","2014","1.9","1.9"
"طابوق أسمنتي / مفرغ - 6 سم","Hollow - 6 cm","","","Q3","Q3","2014","2014","2.1","2.1"
"طابوق أسمنتي / مفرغ - 8 سم","Hollow - 8 cm","","","Q3","Q3","2014","2014","2.23","2.23"
"طابوق أسمنتي / مصمت - 4 سم ","Solid - 4 cm","","","Q3","Q3","2014","2014","3","3"
"طابوق أسمنتي / مصمت - 6 سم","Solid - 6 cm","","","Q3","Q3","2014","2014","3.5","3.5"
"طابوق أسمنتي / مصمت - 8 سم","Solid - 8 cm","","","Q3","Q3","2014","2014","3.36","3.36"
"خرسانة جاهـزة / بورتلاند عادي نيوتن 40","Concrete Ready Mix / Normal - neutin 40","","","Q3","Q3","2014","2014","231.42","231.42"
"خرسانة جاهـزة / مقاوم للاملاح نيوتن 40","Concrete Ready Mix / Sulphate Resistance - neutin 40","","","Q3","Q3","2014","2014","236.42","236.42"
"حديد مبروم 8-6  ملم","Steel Bars 6-8 mm","","","Q3","Q3","2014","2014","2420","2420"
"حديد مبروم25 -10  ملم","steel Bars 10 - 25","","","Q3","Q3","2014","2014","2481.33","2481.33"
"شبك حديد للأرضيات  6 ملم","B.R.C. Mesh  6 m.m","","","Q3","Q3","2014","2014","66.47","66.47"
"شبك حديد للأرضيات  7 ملم","B.R.C. Mesh  7 m.m","","","Q3","Q3","2014","2014","100.56","100.56"
"شبك حديد للأرضيات  8 ملم","B.R.C. Mesh 8 m.m","","","Q3","Q3","2014","2014","119","119"
"اسمنت مقاوم للاملاح","Cement sulphate Resistance","","","Q4","Q4","2014","2014","14.75","14.75"
"اسمنت عادي بورتلاند","Cement Portland Cement","","","Q4","Q4","2014","2014","13.92","13.92"
"اسمنت ابيض","Cement White Cement","","","Q4","Q4","2014","2014","34.67","34.67"
"الجير","Lime","","","Q4","Q4","2014","2014","19.42","19.42"
"الجبس","Gypsum","","","Q4","Q4","2014","2014","10.86","10.86"
"بحص كونكري مكسر 3/4 انش","Aggreates 3/4","","","Q4","Q4","2014","2014","912.5","912.5"
"بحص كونكري مكسر 3/8 انش","Aggreates 3/8","","","Q4","Q4","2014","2014","912.5","912.5"
"بحص كونكري مكسر 3/16 انش ","Aggreates 3/16","","","Q4","Q4","2014","2014","1038.89","1038.89"
"الرمـــل / ابيض","Sand / White","","","Q4","Q4","2014","2014","937.5","937.5"
"الرمـــل / اسود","Sand / Black","","","Q4","Q4","2014","2014","875","875"
"الرمـــل / احمر","Sand / Red","","","Q4","Q4","2014","2014","591.67","591.67"
"طابوق أسمنتي / مفرغ - 4 سم","Hollow - 4 cm","","","Q4","Q4","2014","2014","1.91","1.91"
"طابوق أسمنتي / مفرغ - 6 سم","Hollow - 6 cm","","","Q4","Q4","2014","2014","2.11","2.11"
"طابوق أسمنتي / مفرغ - 8 سم","Hollow - 8 cm","","","Q4","Q4","2014","2014","2.24","2.24"
"طابوق أسمنتي / مصمت - 4 سم ","Solid - 4 cm","","","Q4","Q4","2014","2014","3.02","3.02"
"طابوق أسمنتي / مصمت - 6 سم","Solid - 6 cm","","","Q4","Q4","2014","2014","3.52","3.52"
"طابوق أسمنتي / مصمت - 8 سم","Solid - 8 cm","","","Q4","Q4","2014","2014","3.37","3.37"
"خرسانة جاهـزة / بورتلاند عادي نيوتن 40","Concrete Ready Mix / Normal - neutin 40","","","Q4","Q4","2014","2014","235.92","235.92"
"خرسانة جاهـزة / مقاوم للاملاح نيوتن 40","Concrete Ready Mix / Sulphate Resistance - neutin 40","","","Q4","Q4","2014","2014","240.92","240.92"
"حديد مبروم 8-6  ملم","Steel Bars 6-8 mm","","","Q4","Q4","2014","2014","2390.42","2390.42"
"حديد مبروم25 -10  ملم","steel Bars 10 - 25","","","Q4","Q4","2014","2014","2446.67","2446.67"
"شبك حديد للأرضيات  6 ملم","B.R.C. Mesh  6 m.m","","","Q4","Q4","2014","2014","64.13","64.13"
"شبك حديد للأرضيات  7 ملم","B.R.C. Mesh  7 m.m","","","Q4","Q4","2014","2014","100.67","100.67"
"شبك حديد للأرضيات  8 ملم","B.R.C. Mesh 8 m.m","","","Q4","Q4","2014","2014","116.27","116.27"
"اسمنت مقاوم للاملاح","Cement sulphate Resistance","","","Q1","Q1","2015","2015","14.75","14.75"
"اسمنت عادي بورتلاند","Cement Portland Cement","","","Q1","Q1","2015","2015","13.92","13.92"
"اسمنت ابيض","Cement White Cement","","","Q1","Q1","2015","2015","34.71","34.71"
"الجير","Lime","","","Q1","Q1","2015","2015","19.33","19.33"
"الجبس","Gypsum","","","Q1","Q1","2015","2015","10.76","10.76"
"بحص كونكري مكسر 3/4 انش","Aggreates 3/4","","","Q1","Q1","2015","2015","912.5","912.5"
"بحص كونكري مكسر 3/8 انش","Aggreates 3/8","","","Q1","Q1","2015","2015","912.5","912.5"
"بحص كونكري مكسر 3/16 انش ","Aggreates 3/16","","","Q1","Q1","2015","2015","1050","1050"
"الرمـــل / ابيض","Sand / White","","","Q1","Q1","2015","2015","937.5","937.5"
"الرمـــل / اسود","Sand / Black","","","Q1","Q1","2015","2015","875","875"
"الرمـــل / احمر","Sand / Red","","","Q1","Q1","2015","2015","600","600"
"طابوق أسمنتي / مفرغ - 4 سم","Hollow - 4 cm","","","Q1","Q1","2015","2015","1.98","1.98"
"طابوق أسمنتي / مفرغ - 6 سم","Hollow - 6 cm","","","Q1","Q1","2015","2015","2.13","2.13"
"طابوق أسمنتي / مفرغ - 8 سم","Hollow - 8 cm","","","Q1","Q1","2015","2015","2.27","2.27"
"طابوق أسمنتي / مصمت - 4 سم ","Solid - 4 cm","","","Q1","Q1","2015","2015","3.05","3.05"
"طابوق أسمنتي / مصمت - 6 سم","Solid - 6 cm","","","Q1","Q1","2015","2015","3.57","3.57"
"طابوق أسمنتي / مصمت - 8 سم","Solid - 8 cm","","","Q1","Q1","2015","2015","3.4","3.4"
"خرسانة جاهـزة / بورتلاند عادي نيوتن 40","Concrete Ready Mix / Normal - neutin 40","","","Q1","Q1","2015","2015","232.17","232.17"
"خرسانة جاهـزة / مقاوم للاملاح نيوتن 40","Concrete Ready Mix / Sulphate Resistance - neutin 40","","","Q1","Q1","2015","2015","237.17","237.17"
"حديد مبروم 8-6  ملم","Steel Bars 6-8 mm","","","Q1","Q1","2015","2015","2222.92","2222.92"
"حديد مبروم25 -10  ملم","steel Bars 10 - 25","","","Q1","Q1","2015","2015","2284.33","2284.33"
"شبك حديد للأرضيات  6 ملم","B.R.C. Mesh  6 m.m","","","Q1","Q1","2015","2015","65.07","65.07"
"شبك حديد للأرضيات  7 ملم","B.R.C. Mesh  7 m.m","","","Q1","Q1","2015","2015","97.78","97.78"
"شبك حديد للأرضيات  8 ملم","B.R.C. Mesh 8 m.m","","","Q1","Q1","2015","2015","112","112"
"اسمنت مقاوم للاملاح","Cement sulphate Resistance","","","Q2","Q2","2015","2015","14.75","14.75"
"اسمنت عادي بورتلاند","Cement Portland Cement","","","Q2","Q2","2015","2015","13.89","13.89"
"اسمنت ابيض","Cement White Cement","","","Q2","Q2","2015","2015","34.71","34.71"
"الجير","Lime","","","Q2","Q2","2015","2015","18.5","18.5"
"الجبس","Gypsum","","","Q2","Q2","2015","2015","10.52","10.52"
"بحص كونكري مكسر 3/4 انش","Aggreates 3/4","","","Q2","Q2","2015","2015","912.5","912.5"
"بحص كونكري مكسر 3/8 انش","Aggreates 3/8","","","Q2","Q2","2015","2015","925","925"
"بحص كونكري مكسر 3/16 انش ","Aggreates 3/16","","","Q2","Q2","2015","2015","1066.67","1066.67"
"الرمـــل / ابيض","Sand / White","","","Q2","Q2","2015","2015","937.5","937.5"
"الرمـــل / اسود","Sand / Black","","","Q2","Q2","2015","2015","875","875"
"الرمـــل / احمر","Sand / Red","","","Q2","Q2","2015","2015","600","600"
"طابوق أسمنتي / مفرغ - 4 سم","Hollow - 4 cm","","","Q2","Q2","2015","2015","1.98","1.98"
"طابوق أسمنتي / مفرغ - 6 سم","Hollow - 6 cm","","","Q2","Q2","2015","2015","2.14","2.14"
"طابوق أسمنتي / مفرغ - 8 سم","Hollow - 8 cm","","","Q2","Q2","2015","2015","2.28","2.28"
"طابوق أسمنتي / مصمت - 4 سم ","Solid - 4 cm","","","Q2","Q2","2015","2015","3.01","3.01"
"طابوق أسمنتي / مصمت - 6 سم","Solid - 6 cm","","","Q2","Q2","2015","2015","3.51","3.51"
"طابوق أسمنتي / مصمت - 8 سم","Solid - 8 cm","","","Q2","Q2","2015","2015","3.39","3.39"
"خرسانة جاهـزة / بورتلاند عادي نيوتن 40","Concrete Ready Mix / Normal - neutin 40","","","Q2","Q2","2015","2015","234.25","234.25"
"خرسانة جاهـزة / مقاوم للاملاح نيوتن 40","Concrete Ready Mix / Sulphate Resistance - neutin 40","","","Q2","Q2","2015","2015","239.25","239.25"
"حديد مبروم 8-6  ملم","Steel Bars 6-8 mm","","","Q2","Q2","2015","2015","2134.58","2134.58"
"حديد مبروم25 -10  ملم","steel Bars 10 - 25","","","Q2","Q2","2015","2015","2151","2151"
"شبك حديد للأرضيات  6 ملم","B.R.C. Mesh  6 m.m","","","Q2","Q2","2015","2015","64.87","64.87"
"شبك حديد للأرضيات  7 ملم","B.R.C. Mesh  7 m.m","","","Q2","Q2","2015","2015","94.56","94.56"
"شبك حديد للأرضيات  8 ملم","B.R.C. Mesh 8 m.m","","","Q2","Q2","2015","2015","107.53","107.53"
"اسمنت مقاوم للاملاح","Cement sulphate Resistance","","","Q3","Q3","2015","2015","14.75","14.75"
"اسمنت عادي بورتلاند","Cement Portland Cement","","","Q3","Q3","2015","2015","13.83","13.83"
"اسمنت ابيض","Cement White Cement","","","Q3","Q3","2015","2015","34.57","34.57"
"الجير","Lime","","","Q3","Q3","2015","2015","18.58","18.58"
"الجبس","Gypsum","","","Q3","Q3","2015","2015","10.14","10.14"
"بحص كونكري مكسر 3/4 انش","Aggreates 3/4","","","Q3","Q3","2015","2015","912.5","912.5"
"بحص كونكري مكسر 3/8 انش","Aggreates 3/8","","","Q3","Q3","2015","2015","925","925"
"بحص كونكري مكسر 3/16 انش ","Aggreates 3/16","","","Q3","Q3","2015","2015","1066.67","1066.67"
"الرمـــل / ابيض","Sand / White","","","Q3","Q3","2015","2015","937.5","937.5"
"الرمـــل / اسود","Sand / Black","","","Q3","Q3","2015","2015","875","875"
"الرمـــل / احمر","Sand / Red","","","Q3","Q3","2015","2015","600","600"
"طابوق أسمنتي / مفرغ - 4 سم","Hollow - 4 cm","","","Q3","Q3","2015","2015","1.95","1.95"
"طابوق أسمنتي / مفرغ - 6 سم","Hollow - 6 cm","","","Q3","Q3","2015","2015","2.15","2.15"
"طابوق أسمنتي / مفرغ - 8 سم","Hollow - 8 cm","","","Q3","Q3","2015","2015","2.3","2.3"
"طابوق أسمنتي / مصمت - 4 سم ","Solid - 4 cm","","","Q3","Q3","2015","2015","2.93","2.93"
"طابوق أسمنتي / مصمت - 6 سم","Solid - 6 cm","","","Q3","Q3","2015","2015","3.4","3.4"
"طابوق أسمنتي / مصمت - 8 سم","Solid - 8 cm","","","Q3","Q3","2015","2015","3.36","3.36"
"خرسانة جاهـزة / بورتلاند عادي نيوتن 40","Concrete Ready Mix / Normal - neutin 40","","","Q3","Q3","2015","2015","234.33","234.33"
"خرسانة جاهـزة / مقاوم للاملاح نيوتن 40","Concrete Ready Mix / Sulphate Resistance - neutin 40","","","Q3","Q3","2015","2015","239.33","239.33"
"حديد مبروم 8-6  ملم","Steel Bars 6-8 mm","","","Q3","Q3","2015","2015","1985","1985"
"حديد مبروم25 -10  ملم","steel Bars 10 - 25","","","Q3","Q3","2015","2015","1978","1978"
"شبك حديد للأرضيات  6 ملم","B.R.C. Mesh  6 m.m","","","Q3","Q3","2015","2015","60.8","60.8"
"شبك حديد للأرضيات  7 ملم","B.R.C. Mesh  7 m.m","","","Q3","Q3","2015","2015","88.67","88.67"
"شبك حديد للأرضيات  8 ملم","B.R.C. Mesh 8 m.m","","","Q3","Q3","2015","2015","102.73","102.73"
"اسمنت مقاوم للاملاح","Cement sulphate Resistance","","","Q4","Q4","2015","2015","14.63","14.63"
"اسمنت عادي بورتلاند","Cement Portland Cement","","","Q4","Q4","2015","2015","13.58","13.58"
"اسمنت ابيض","Cement White Cement","","","Q4","Q4","2015","2015","34.57","34.57"
"الجير","Lime","","","Q4","Q4","2015","2015","18.75","18.75"
"الجبس","Gypsum","","","Q4","Q4","2015","2015","9.62","9.62"
"بحص كونكري مكسر 3/4 انش","Aggreates 3/4","","","Q4","Q4","2015","2015","912.5","912.5"
"بحص كونكري مكسر 3/8 انش","Aggreates 3/8","","","Q4","Q4","2015","2015","925","925"
"بحص كونكري مكسر 3/16 انش ","Aggreates 3/16","","","Q4","Q4","2015","2015","1066.67","1066.67"
"الرمـــل / ابيض","Sand / White","","","Q4","Q4","2015","2015","937.5","937.5"
"الرمـــل / اسود","Sand / Black","","","Q4","Q4","2015","2015","862.5","862.5"
"الرمـــل / احمر","Sand / Red","","","Q4","Q4","2015","2015","600","600"
"طابوق أسمنتي / مفرغ - 4 سم","Hollow - 4 cm","","","Q4","Q4","2015","2015","1.95","1.95"
"طابوق أسمنتي / مفرغ - 6 سم","Hollow - 6 cm","","","Q4","Q4","2015","2015","2.13","2.13"
"طابوق أسمنتي / مفرغ - 8 سم","Hollow - 8 cm","","","Q4","Q4","2015","2015","2.27","2.27"
"طابوق أسمنتي / مصمت - 4 سم ","Solid - 4 cm","","","Q4","Q4","2015","2015","2.93","2.93"
"طابوق أسمنتي / مصمت - 6 سم","Solid - 6 cm","","","Q4","Q4","2015","2015","3.4","3.4"
"طابوق أسمنتي / مصمت - 8 سم","Solid - 8 cm","","","Q4","Q4","2015","2015","3.36","3.36"
"خرسانة جاهـزة / بورتلاند عادي نيوتن 40","Concrete Ready Mix / Normal - neutin 40","","","Q4","Q4","2015","2015","233.75","233.75"
"خرسانة جاهـزة / مقاوم للاملاح نيوتن 40","Concrete Ready Mix / Sulphate Resistance - neutin 40","","","Q4","Q4","2015","2015","238.75","238.75"
"حديد مبروم 8-6  ملم","Steel Bars 6-8 mm","","","Q4","Q4","2015","2015","1809.58","1809.58"
"حديد مبروم25 -10  ملم","steel Bars 10 - 25","","","Q4","Q4","2015","2015","1797.67","1797.67"
"شبك حديد للأرضيات  6 ملم","B.R.C. Mesh  6 m.m","","","Q4","Q4","2015","2015","56.2","56.2"
"شبك حديد للأرضيات  7 ملم","B.R.C. Mesh  7 m.m","","","Q4","Q4","2015","2015","73.11","73.11"
"شبك حديد للأرضيات  8 ملم","B.R.C. Mesh 8 m.m","","","Q4","Q4","2015","2015","93.07","93.07"
"اسمنت مقاوم للاملاح","Cement sulphate Resistance","","","Q1","Q1","2016","2016","14.63","14.63"
"اسمنت عادي بورتلاند","Cement Portland Cement","","","Q1","Q1","2016","2016","13.5","13.5"
"اسمنت ابيض","Cement White Cement","","","Q1","Q1","2016","2016","34.5","34.5"
"الجير","Lime","","","Q1","Q1","2016","2016","18.75","18.75"
"الجبس","Gypsum","","","Q1","Q1","2016","2016","9.43","9.43"
"بحص كونكري مكسر 3/4 انش","Aggreates 3/4","","","Q1","Q1","2016","2016","879.17","879.17"
"بحص كونكري مكسر 3/8 انش","Aggreates 3/8","","","Q1","Q1","2016","2016","900","900"
"بحص كونكري مكسر 3/16 انش ","Aggreates 3/16","","","Q1","Q1","2016","2016","1033.33","1033.33"
"الرمـــل / ابيض","Sand / White","","","Q1","Q1","2016","2016","841.67","841.67"
"الرمـــل / اسود","Sand / Black","","","Q1","Q1","2016","2016","841.67","841.67"
"الرمـــل / احمر","Sand / Red","","","Q1","Q1","2016","2016","558.33","558.33"
"طابوق أسمنتي / مفرغ - 4 سم","Hollow - 4 cm","","","Q1","Q1","2016","2016","1.91","1.91"
"طابوق أسمنتي / مفرغ - 6 سم","Hollow - 6 cm","","","Q1","Q1","2016","2016","2.1","2.1"
"طابوق أسمنتي / مفرغ - 8 سم","Hollow - 8 cm","","","Q1","Q1","2016","2016","2.26","2.26"
"طابوق أسمنتي / مصمت - 4 سم ","Solid - 4 cm","","","Q1","Q1","2016","2016","3.09","3.09"
"طابوق أسمنتي / مصمت - 6 سم","Solid - 6 cm","","","Q1","Q1","2016","2016","3.58","3.58"
"طابوق أسمنتي / مصمت - 8 سم","Solid - 8 cm","","","Q1","Q1","2016","2016","3.55","3.55"
"خرسانة جاهـزة / بورتلاند عادي نيوتن 40","Concrete Ready Mix / Normal - neutin 40","","","Q1","Q1","2016","2016","237.92","237.92"
"خرسانة جاهـزة / مقاوم للاملاح نيوتن 40","Concrete Ready Mix / Sulphate Resistance - neutin 40","","","Q1","Q1","2016","2016","242.92","242.92"
"حديد مبروم 8-6  ملم","Steel Bars 6-8 mm","","","Q1","Q1","2016","2016","1740.42","1740.42"
"حديد مبروم25 -10  ملم","steel Bars 10 - 25","","","Q1","Q1","2016","2016","1739","1739"
"شبك حديد للأرضيات  6 ملم","B.R.C. Mesh  6 m.m","","","Q1","Q1","2016","2016","55.27","55.27"
"شبك حديد للأرضيات  7 ملم","B.R.C. Mesh  7 m.m","","","Q1","Q1","2016","2016","71.67","71.67"
"شبك حديد للأرضيات  8 ملم","B.R.C. Mesh 8 m.m","","","Q1","Q1","2016","2016","92","92"
"اسمنت مقاوم للاملاح","Cement sulphate Resistance","","","Q2","Q2","2016","2016","14.38","14.38"
"اسمنت عادي بورتلاند","Cement Portland Cement","","","Q2","Q2","2016","2016","13.28","13.28"
"اسمنت ابيض","Cement White Cement","","","Q2","Q2","2016","2016","34.21","34.21"
"الجير","Lime","","","Q2","Q2","2016","2016","18.75","18.75"
"الجبس","Gypsum","","","Q2","Q2","2016","2016","9.36","9.36"
"بحص كونكري مكسر 3/4 انش","Aggreates 3/4","","","Q2","Q2","2016","2016","925","925"
"بحص كونكري مكسر 3/8 انش","Aggreates 3/8","","","Q2","Q2","2016","2016","955.83","955.83"
"بحص كونكري مكسر 3/16 انش ","Aggreates 3/16","","","Q2","Q2","2016","2016","1091.67","1091.67"
"الرمـــل / ابيض","Sand / White","","","Q2","Q2","2016","2016","870.83","870.83"
"الرمـــل / اسود","Sand / Black","","","Q2","Q2","2016","2016","900","900"
"الرمـــل / احمر","Sand / Red","","","Q2","Q2","2016","2016","600","600"
"طابوق أسمنتي / مفرغ - 4 سم","Hollow - 4 cm","","","Q2","Q2","2016","2016","2","2"
"طابوق أسمنتي / مفرغ - 6 سم","Hollow - 6 cm","","","Q2","Q2","2016","2016","2.21","2.21"
"طابوق أسمنتي / مفرغ - 8 سم","Hollow - 8 cm","","","Q2","Q2","2016","2016","2.38","2.38"
"طابوق أسمنتي / مصمت - 4 سم ","Solid - 4 cm","","","Q2","Q2","2016","2016","3.12","3.12"
"طابوق أسمنتي / مصمت - 6 سم","Solid - 6 cm","","","Q2","Q2","2016","2016","3.56","3.56"
"طابوق أسمنتي / مصمت - 8 سم","Solid - 8 cm","","","Q2","Q2","2016","2016","3.61","3.61"
"خرسانة جاهـزة / بورتلاند عادي نيوتن 40","Concrete Ready Mix / Normal - neutin 40","","","Q2","Q2","2016","2016","242.5","242.5"
"خرسانة جاهـزة / مقاوم للاملاح نيوتن 40","Concrete Ready Mix / Sulphate Resistance - neutin 40","","","Q2","Q2","2016","2016","247.5","247.5"
"حديد مبروم 8-6  ملم","Steel Bars 6-8 mm","","","Q2","Q2","2016","2016","2416.67","2416.67"
"حديد مبروم25 -10  ملم","steel Bars 10 - 25","","","Q2","Q2","2016","2016","2390","2390"
"شبك حديد للأرضيات  6 ملم","B.R.C. Mesh  6 m.m","","","Q2","Q2","2016","2016","63.2","63.2"
"شبك حديد للأرضيات  7 ملم","B.R.C. Mesh  7 m.m","","","Q2","Q2","2016","2016","80.44","80.44"
"شبك حديد للأرضيات  8 ملم","B.R.C. Mesh 8 m.m","","","Q2","Q2","2016","2016","98.27","98.27"
"اسمنت مقاوم للاملاح","Cement sulphate Resistance","","","Q3","Q3","2016","2016","14.04","14.04"
"اسمنت عادي بورتلاند","Cement Portland Cement","","","Q3","Q3","2016","2016","13.5","13.5"
"اسمنت ابيض","Cement White Cement","","","Q3","Q3","2016","2016","34.07","34.07"
"الجير","Lime","","","Q3","Q3","2016","2016","18.5","18.5"
"الجبس","Gypsum","","","Q3","Q3","2016","2016","9.1","9.1"
"بحص كونكري مكسر 3/4 انش","Aggreates 3/4","","","Q3","Q3","2016","2016","950","950"
"بحص كونكري مكسر 3/8 انش","Aggreates 3/8","","","Q3","Q3","2016","2016","983.33","983.33"
"بحص كونكري مكسر 3/16 انش ","Aggreates 3/16","","","Q3","Q3","2016","2016","1137.5","1137.5"
"الرمـــل / ابيض","Sand / White","","","Q3","Q3","2016","2016","908.33","908.33"
"الرمـــل / اسود","Sand / Black","","","Q3","Q3","2016","2016","900","900"
"الرمـــل / احمر","Sand / Red","","","Q3","Q3","2016","2016","604.17","604.17"
"طابوق أسمنتي / مفرغ - 4 سم","Hollow - 4 cm","","","Q3","Q3","2016","2016","2.02","2.02"
"طابوق أسمنتي / مفرغ - 6 سم","Hollow - 6 cm","","","Q3","Q3","2016","2016","2.25","2.25"
"طابوق أسمنتي / مفرغ - 8 سم","Hollow - 8 cm","","","Q3","Q3","2016","2016","2.44","2.44"
"طابوق أسمنتي / مصمت - 4 سم ","Solid - 4 cm","","","Q3","Q3","2016","2016","3.03","3.03"
"طابوق أسمنتي / مصمت - 6 سم","Solid - 6 cm","","","Q3","Q3","2016","2016","3.4","3.4"
"طابوق أسمنتي / مصمت - 8 سم","Solid - 8 cm","","","Q3","Q3","2016","2016","3.53","3.53"
"خرسانة جاهـزة / بورتلاند عادي نيوتن 40","Concrete Ready Mix / Normal - neutin 40","","","Q3","Q3","2016","2016","242.5","242.5"
"خرسانة جاهـزة / مقاوم للاملاح نيوتن 40","Concrete Ready Mix / Sulphate Resistance - neutin 40","","","Q3","Q3","2016","2016","247.5","247.5"
"حديد مبروم 8-6  ملم","Steel Bars 6-8 mm","","","Q3","Q3","2016","2016","1933.33","1933.33"
"حديد مبروم25 -10  ملم","steel Bars 10 - 25","","","Q3","Q3","2016","2016","1956.67","1956.67"
"شبك حديد للأرضيات  6 ملم","B.R.C. Mesh  6 m.m","","","Q3","Q3","2016","2016","58.47","58.47"
"شبك حديد للأرضيات  7 ملم","B.R.C. Mesh  7 m.m","","","Q3","Q3","2016","2016","76.56","76.56"
"شبك حديد للأرضيات  8 ملم","B.R.C. Mesh 8 m.m","","","Q3","Q3","2016","2016","90.6","90.6"
"اسمنت مقاوم للاملاح","Cement sulphate Resistance","","","Q4","Q4","2016","2016","13.96","13.96"
"اسمنت عادي بورتلاند","Cement Portland Cement","","","Q4","Q4","2016","2016","13.5","13.5"
"اسمنت ابيض","Cement White Cement","","","Q4","Q4","2016","2016","34.12","34.12"
"الجير","Lime","","","Q4","Q4","2016","2016","18","18"
"الجبس","Gypsum","","","Q4","Q4","2016","2016","9.1","9.1"
"بحص كونكري مكسر 3/4 انش","Aggreates 3/4","","","Q4","Q4","2016","2016","950","950"
"بحص كونكري مكسر 3/8 انش","Aggreates 3/8","","","Q4","Q4","2016","2016","975","975"
"بحص كونكري مكسر 3/16 انش ","Aggreates 3/16","","","Q4","Q4","2016","2016","1137.5","1137.5"
"الرمـــل / ابيض","Sand / White","","","Q4","Q4","2016","2016","900","900"
"الرمـــل / اسود","Sand / Black","","","Q4","Q4","2016","2016","900","900"
"الرمـــل / احمر","Sand / Red","","","Q4","Q4","2016","2016","562.5","562.5"
"طابوق أسمنتي / مفرغ - 4 سم","Hollow - 4 cm","","","Q4","Q4","2016","2016","2.03","2.03"
"طابوق أسمنتي / مفرغ - 6 سم","Hollow - 6 cm","","","Q4","Q4","2016","2016","2.26","2.26"
"طابوق أسمنتي / مفرغ - 8 سم","Hollow - 8 cm","","","Q4","Q4","2016","2016","2.44","2.44"
"طابوق أسمنتي / مصمت - 4 سم ","Solid - 4 cm","","","Q4","Q4","2016","2016","3.07","3.07"
"طابوق أسمنتي / مصمت - 6 سم","Solid - 6 cm","","","Q4","Q4","2016","2016","3.49","3.49"
"طابوق أسمنتي / مصمت - 8 سم","Solid - 8 cm","","","Q4","Q4","2016","2016","3.59","3.59"
"خرسانة جاهـزة / بورتلاند عادي نيوتن 40","Concrete Ready Mix / Normal - neutin 40","","","Q4","Q4","2016","2016","241.25","241.25"
"خرسانة جاهـزة / مقاوم للاملاح نيوتن 40","Concrete Ready Mix / Sulphate Resistance - neutin 40","","","Q4","Q4","2016","2016","246.25","246.25"
"حديد مبروم 8-6  ملم","Steel Bars 6-8 mm","","","Q4","Q4","2016","2016","1877.08","1877.08"
"حديد مبروم25 -10  ملم","steel Bars 10 - 25","","","Q4","Q4","2016","2016","1840","1840"
"شبك حديد للأرضيات  6 ملم","B.R.C. Mesh  6 m.m","","","Q4","Q4","2016","2016","58.6","58.6"
"شبك حديد للأرضيات  7 ملم","B.R.C. Mesh  7 m.m","","","Q4","Q4","2016","2016","76.22","76.22"
"شبك حديد للأرضيات  8 ملم","B.R.C. Mesh 8 m.m","","","Q4","Q4","2016","2016","93.07","93.07"
"اسمنت مقاوم للاملاح","Cement sulphate Resistance","","","Q1","Q1","2017","2017","14.13","14.13"
"اسمنت عادي بورتلاند","Cement Portland Cement","","","Q1","Q1","2017","2017","13.5","13.5"
"اسمنت ابيض","Cement White Cement","","","Q1","Q1","2017","2017","34.21","34.21"
"الجير","Lime","","","Q1","Q1","2017","2017","18","18"
"الجبس","Gypsum","","","Q1","Q1","2017","2017","9","9"
"بحص كونكري مكسر 3/4 انش","Aggreates 3/4","","","Q1","Q1","2017","2017","975","975"
"بحص كونكري مكسر 3/8 انش","Aggreates 3/8","","","Q1","Q1","2017","2017","1033.33","1033.33"
"بحص كونكري مكسر 3/16 انش ","Aggreates 3/16","","","Q1","Q1","2017","2017","1195.83","1195.83"
"الرمـــل / ابيض","Sand / White","","","Q1","Q1","2017","2017","883.33","883.33"
"الرمـــل / اسود","Sand / Black","","","Q1","Q1","2017","2017","916.67","916.67"
"الرمـــل / احمر","Sand / Red","","","Q1","Q1","2017","2017","579.17","579.17"
"طابوق أسمنتي / مفرغ - 4 سم","Hollow - 4 cm","","","Q1","Q1","2017","2017","2.02","2.02"
"طابوق أسمنتي / مفرغ - 6 سم","Hollow - 6 cm","","","Q1","Q1","2017","2017","2.23","2.23"
"طابوق أسمنتي / مفرغ - 8 سم","Hollow - 8 cm","","","Q1","Q1","2017","2017","2.42","2.42"
"طابوق أسمنتي / مصمت - 4 سم ","Solid - 4 cm","","","Q1","Q1","2017","2017","3.18","3.18"
"طابوق أسمنتي / مصمت - 6 سم","Solid - 6 cm","","","Q1","Q1","2017","2017","3.38","3.38"
"طابوق أسمنتي / مصمت - 8 سم","Solid - 8 cm","","","Q1","Q1","2017","2017","3.64","3.64"
"خرسانة جاهـزة / بورتلاند عادي نيوتن 40","Concrete Ready Mix / Normal - neutin 40","","","Q1","Q1","2017","2017","240.83","240.83"
"خرسانة جاهـزة / مقاوم للاملاح نيوتن 40","Concrete Ready Mix / Sulphate Resistance - neutin 40","","","Q1","Q1","2017","2017","245.83","245.83"
"حديد مبروم 8-6  ملم","Steel Bars 6-8 mm","","","Q1","Q1","2017","2017","1975.83","1975.83"
"حديد مبروم25 -10  ملم","steel Bars 10 - 25","","","Q1","Q1","2017","2017","1961.33","1961.33"
"شبك حديد للأرضيات  6 ملم","B.R.C. Mesh  6 m.m","","","Q1","Q1","2017","2017","57.07","57.07"
"شبك حديد للأرضيات  7 ملم","B.R.C. Mesh  7 m.m","","","Q1","Q1","2017","2017","78.61","78.61"
"شبك حديد للأرضيات  8 ملم","B.R.C. Mesh 8 m.m","","","Q1","Q1","2017","2017","92.8","92.8"
"اسمنت مقاوم للاملاح","Cement sulphate Resistance","","","Q2","Q2","2017","2017","15.13","15.13"
"اسمنت عادي بورتلاند","Cement Portland Cement","","","Q2","Q2","2017","2017","14.33","14.33"
"اسمنت ابيض","Cement White Cement","","","Q2","Q2","2017","2017","34.21","34.21"
"الجير","Lime","","","Q2","Q2","2017","2017","18","18"
"الجبس","Gypsum","","","Q2","Q2","2017","2017","9","9"
"بحص كونكري مكسر 3/4 انش","Aggreates 3/4","","","Q2","Q2","2017","2017","1037.5","1037.5"
"بحص كونكري مكسر 3/8 انش","Aggreates 3/8","","","Q2","Q2","2017","2017","1100","1100"
"بحص كونكري مكسر 3/16 انش ","Aggreates 3/16","","","Q2","Q2","2017","2017","1250","1250"
"الرمـــل / ابيض","Sand / White","","","Q2","Q2","2017","2017","829.17","829.17"
"الرمـــل / اسود","Sand / Black","","","Q2","Q2","2017","2017","925","925"
"الرمـــل / احمر","Sand / Red","","","Q2","Q2","2017","2017","562.5","562.5"
"طابوق أسمنتي / مفرغ - 4 سم","Hollow - 4 cm","","","Q2","Q2","2017","2017","2.22","2.22"
"طابوق أسمنتي / مفرغ - 6 سم","Hollow - 6 cm","","","Q2","Q2","2017","2017","2.41","2.41"
"طابوق أسمنتي / مفرغ - 8 سم","Hollow - 8 cm","","","Q2","Q2","2017","2017","2.63","2.63"
"طابوق أسمنتي / مصمت - 4 سم ","Solid - 4 cm","","","Q2","Q2","2017","2017","3.43","3.43"
"طابوق أسمنتي / مصمت - 6 سم","Solid - 6 cm","","","Q2","Q2","2017","2017","3.64","3.64"
"طابوق أسمنتي / مصمت - 8 سم","Solid - 8 cm","","","Q2","Q2","2017","2017","3.91","3.91"
"خرسانة جاهـزة / بورتلاند عادي نيوتن 40","Concrete Ready Mix / Normal - neutin 40","","","Q2","Q2","2017","2017","245.42","245.42"
"خرسانة جاهـزة / مقاوم للاملاح نيوتن 40","Concrete Ready Mix / Sulphate Resistance - neutin 40","","","Q2","Q2","2017","2017","250.42","250.42"
"حديد مبروم 8-6  ملم","Steel Bars 6-8 mm","","","Q2","Q2","2017","2017","1937.5","1937.5"
"حديد مبروم25 -10  ملم","steel Bars 10 - 25","","","Q2","Q2","2017","2017","1903.33","1903.33"
"شبك حديد للأرضيات  6 ملم","B.R.C. Mesh  6 m.m","","","Q2","Q2","2017","2017","57.07","57.07"
"شبك حديد للأرضيات  7 ملم","B.R.C. Mesh  7 m.m","","","Q2","Q2","2017","2017","79.5","79.5"
"شبك حديد للأرضيات  8 ملم","B.R.C. Mesh 8 m.m","","","Q2","Q2","2017","2017","95.07","95.07"
"اسمنت مقاوم للاملاح","Cement sulphate Resistance","","","Q3","Q3","2017","2017","15.17","15.17"
"اسمنت عادي بورتلاند","Cement Portland Cement","","","Q3","Q3","2017","2017","14.64","14.64"
"اسمنت ابيض","Cement White Cement","","","Q3","Q3","2017","2017","34.21","34.21"
"الجير","Lime","","","Q3","Q3","2017","2017","18","18"
"الجبس","Gypsum","","","Q3","Q3","2017","2017","8.81","8.81"
"بحص كونكري مكسر 3/4 انش","Aggreates 3/4","","","Q3","Q3","2017","2017","1062.5","1062.5"
"بحص كونكري مكسر 3/8 انش","Aggreates 3/8","","","Q3","Q3","2017","2017","1125","1125"
"بحص كونكري مكسر 3/16 انش ","Aggreates 3/16","","","Q3","Q3","2017","2017","1262.5","1262.5"
"الرمـــل / ابيض","Sand / White","","","Q3","Q3","2017","2017","800","800"
"الرمـــل / اسود","Sand / Black","","","Q3","Q3","2017","2017","912.5","912.5"
"الرمـــل / احمر","Sand / Red","","","Q3","Q3","2017","2017","562.5","562.5"
"طابوق أسمنتي / مفرغ - 4 سم","Hollow - 4 cm","","","Q3","Q3","2017","2017","2.3","2.3"
"طابوق أسمنتي / مفرغ - 6 سم","Hollow - 6 cm","","","Q3","Q3","2017","2017","2.48","2.48"
"طابوق أسمنتي / مفرغ - 8 سم","Hollow - 8 cm","","","Q3","Q3","2017","2017","2.72","2.72"
"طابوق أسمنتي / مصمت - 4 سم ","Solid - 4 cm","","","Q3","Q3","2017","2017","3.43","3.43"
"طابوق أسمنتي / مصمت - 6 سم","Solid - 6 cm","","","Q3","Q3","2017","2017","3.86","3.86"
"طابوق أسمنتي / مصمت - 8 سم","Solid - 8 cm","","","Q3","Q3","2017","2017","3.97","3.97"
"خرسانة جاهـزة / بورتلاند عادي نيوتن 40","Concrete Ready Mix / Normal - neutin 40","","","Q3","Q3","2017","2017","244.58","244.58"
"خرسانة جاهـزة / مقاوم للاملاح نيوتن 40","Concrete Ready Mix / Sulphate Resistance - neutin 40","","","Q3","Q3","2017","2017","249.58","249.58"
"حديد مبروم 8-6  ملم","Steel Bars 6-8 mm","","","Q3","Q3","2017","2017","2235.42","2235.42"
"حديد مبروم25 -10  ملم","steel Bars 10 - 25","","","Q3","Q3","2017","2017","2191.33","2191.33"
"شبك حديد للأرضيات  6 ملم","B.R.C. Mesh  6 m.m","","","Q3","Q3","2017","2017","60.67","60.67"
"شبك حديد للأرضيات  7 ملم","B.R.C. Mesh  7 m.m","","","Q3","Q3","2017","2017","83","83"
"شبك حديد للأرضيات  8 ملم","B.R.C. Mesh 8 m.m","","","Q3","Q3","2017","2017","102.73","102.73"
"اسمنت مقاوم للاملاح","Cement sulphate Resistance","","","Q4","Q4","2017","2017","15.13","15.13"
"اسمنت عادي بورتلاند","Cement Portland Cement","","","Q4","Q4","2017","2017","14.67","14.67"
"اسمنت ابيض","Cement White Cement","","","Q4","Q4","2017","2017","34.21","34.21"
"الجير","Lime","","","Q4","Q4","2017","2017","18","18"
"الجبس","Gypsum","","","Q4","Q4","2017","2017","8.71","8.71"
"بحص كونكري مكسر 3/4 انش","Aggreates 3/4","","","Q4","Q4","2017","2017","1062.5","1062.5"
"بحص كونكري مكسر 3/8 انش","Aggreates 3/8","","","Q4","Q4","2017","2017","1125","1125"
"بحص كونكري مكسر 3/16 انش ","Aggreates 3/16","","","Q4","Q4","2017","2017","1262.5","1262.5"
"الرمـــل / ابيض","Sand / White","","","Q4","Q4","2017","2017","800","800"
"الرمـــل / اسود","Sand / Black","","","Q4","Q4","2017","2017","912.5","912.5"
"الرمـــل / احمر","Sand / Red","","","Q4","Q4","2017","2017","562.5","562.5"
"طابوق أسمنتي / مفرغ - 4 سم","Hollow - 4 cm","","","Q4","Q4","2017","2017","2.29","2.29"
"طابوق أسمنتي / مفرغ - 6 سم","Hollow - 6 cm","","","Q4","Q4","2017","2017","2.47","2.47"
"طابوق أسمنتي / مفرغ - 8 سم","Hollow - 8 cm","","","Q4","Q4","2017","2017","2.71","2.71"
"طابوق أسمنتي / مصمت - 4 سم ","Solid - 4 cm","","","Q4","Q4","2017","2017","3.36","3.36"
"طابوق أسمنتي / مصمت - 6 سم","Solid - 6 cm","","","Q4","Q4","2017","2017","3.88","3.88"
"طابوق أسمنتي / مصمت - 8 سم","Solid - 8 cm","","","Q4","Q4","2017","2017","3.93","3.93"
"خرسانة جاهـزة / بورتلاند عادي نيوتن 40","Concrete Ready Mix / Normal - neutin 40","","","Q4","Q4","2017","2017","243.75","243.75"
"خرسانة جاهـزة / مقاوم للاملاح نيوتن 40","Concrete Ready Mix / Sulphate Resistance - neutin 40","","","Q4","Q4","2017","2017","248.75","248.75"
"حديد مبروم 8-6  ملم","Steel Bars 6-8 mm","","","Q4","Q4","2017","2017","2325.94","2325.94"
"حديد مبروم25 -10  ملم","steel Bars 10 - 25","","","Q4","Q4","2017","2017","2271.58","2271.58"
"شبك حديد للأرضيات  6 ملم","B.R.C. Mesh  6 m.m","","","Q4","Q4","2017","2017","63.98","63.98"
"شبك حديد للأرضيات  7 ملم","B.R.C. Mesh  7 m.m","","","Q4","Q4","2017","2017","85.58","85.58"
"شبك حديد للأرضيات  8 ملم","B.R.C. Mesh 8 m.m","","","Q4","Q4","2017","2017","111.25","111.25"
"اسمنت مقاوم للاملاح","Cement sulphate Resistance","","","Q1","Q1","2018","2018","15.62","15.62"
"اسمنت عادي بورتلاند","Cement Portland Cement","","","Q1","Q1","2018","2018","14.91","14.91"
"اسمنت ابيض","Cement White Cement","","","Q1","Q1","2018","2018","35.78","35.78"
"الجير","Lime","","","Q1","Q1","2018","2018","18.64","18.64"
"الجبس","Gypsum","","","Q1","Q1","2018","2018","9.15","9.15"
"بحص كونكري مكسر 3/4 انش","Aggreates 3/4","","","Q1","Q1","2018","2018","1155.00","1155.00"
"بحص كونكري مكسر 3/8 انش","Aggreates 3/8","","","Q1","Q1","2018","2018","1204.88","1204.88"
"بحص كونكري مكسر 3/16 انش ","Aggreates 3/16","","","Q1","Q1","2018","2018","1325.63","1325.63"
"الرمـــل / ابيض","Sand / White","","","Q1","Q1","2018","2018","866.25","866.25"
"الرمـــل / اسود","Sand / Black","","","Q1","Q1","2018","2018","984.38","984.38"
"الرمـــل / احمر","Sand / Red","","","Q1","Q1","2018","2018","616.88","616.88"
"طابوق أسمنتي / مفرغ - 4 سم","Hollow - 4 cm","","","Q1","Q1","2018","2018","2.52","2.52"
"طابوق أسمنتي / مفرغ - 6 سم","Hollow - 6 cm","","","Q1","Q1","2018","2018","2.66","2.66"
"طابوق أسمنتي / مفرغ - 8 سم","Hollow - 8 cm","","","Q1","Q1","2018","2018","2.87","2.87"
"طابوق أسمنتي / مصمت - 4 سم ","Solid - 4 cm","","","Q1","Q1","2018","2018","3.31","3.31"
"طابوق أسمنتي / مصمت - 6 سم","Solid - 6 cm","","","Q1","Q1","2018","2018","3.75","3.75"
"طابوق أسمنتي / مصمت - 8 سم","Solid - 8 cm","","","Q1","Q1","2018","2018","3.95","3.95"
"خرسانة جاهـزة / بورتلاند عادي نيوتن 40","Concrete Ready Mix / Normal - neutin 40","","","Q1","Q1","2018","2018","263.38","263.38"
"خرسانة جاهـزة / مقاوم للاملاح نيوتن 40","Concrete Ready Mix / Sulphate Resistance - neutin 40","","","Q1","Q1","2018","2018","267.17","267.17"
"حديد مبروم 8-6  ملم","Steel Bars 6-8 mm","","","Q1","Q1","2018","2018","2699.38","2699.38"
"حديد مبروم25 -10  ملم","steel Bars 10 - 25","","","Q1","Q1","2018","2018","2623.63","2623.63"
"شبك حديد للأرضيات  6 ملم","B.R.C. Mesh  6 m.m","","","Q1","Q1","2018","2018","73.57","73.57"
"شبك حديد للأرضيات  7 ملم","B.R.C. Mesh  7 m.m","","","Q1","Q1","2018","2018","98.67","98.67"
"شبك حديد للأرضيات  8 ملم","B.R.C. Mesh 8 m.m","","","Q1","Q1","2018","2018","127.16","127.16"
"اسمنت مقاوم للاملاح","Cement sulphate Resistance","","","Q2","Q2","2018","2018","15.36","15.36"
"اسمنت عادي بورتلاند","Cement Portland Cement","","","Q2","Q2","2018","2018","14.61","14.61"
"اسمنت ابيض","Cement White Cement","","","Q2","Q2","2018","2018","35.78","35.78"
"الجير","Lime","","","Q2","Q2","2018","2018","18.64","18.64"
"الجبس","Gypsum","","","Q2","Q2","2018","2018","9.00","9.00"
"بحص كونكري مكسر 3/4 انش","Aggreates 3/4","","","Q2","Q2","2018","2018","1254.75","1254.75"
"بحص كونكري مكسر 3/8 انش","Aggreates 3/8","","","Q2","Q2","2018","2018","1304.62","1304.62"
"بحص كونكري مكسر 3/16 انش ","Aggreates 3/16","","","Q2","Q2","2018","2018","1437.19","1437.19"
"الرمـــل / ابيض","Sand / White","","","Q2","Q2","2018","2018","866.25","866.25"
"الرمـــل / اسود","Sand / Black","","","Q2","Q2","2018","2018","1118.94","1118.94"
"الرمـــل / احمر","Sand / Red","","","Q2","Q2","2018","2018","637.88","637.88"
"طابوق أسمنتي / مفرغ - 4 سم","Hollow - 4 cm","","","Q2","Q2","2018","2018","2.52","2.52"
"طابوق أسمنتي / مفرغ - 6 سم","Hollow - 6 cm","","","Q2","Q2","2018","2018","2.70","2.70"
"طابوق أسمنتي / مفرغ - 8 سم","Hollow - 8 cm","","","Q2","Q2","2018","2018","2.91","2.91"
"طابوق أسمنتي / مصمت - 4 سم ","Solid - 4 cm","","","Q2","Q2","2018","2018","3.40","3.40"
"طابوق أسمنتي / مصمت - 6 سم","Solid - 6 cm","","","Q2","Q2","2018","2018","3.75","3.75"
"طابوق أسمنتي / مصمت - 8 سم","Solid - 8 cm","","","Q2","Q2","2018","2018","3.99","3.99"
"خرسانة جاهـزة / بورتلاند عادي نيوتن 40","Concrete Ready Mix / Normal - neutin 40","","","Q2","Q2","2018","2018","263.81","263.81"
"خرسانة جاهـزة / مقاوم للاملاح نيوتن 40","Concrete Ready Mix / Sulphate Resistance - neutin 40","","","Q2","Q2","2018","2018","267.75","267.75"
"حديد مبروم 8-6  ملم","Steel Bars 6-8 mm","","","Q2","Q2","2018","2018","2613.52","2613.52"
"حديد مبروم25 -10  ملم","steel Bars 10 - 25","","","Q2","Q2","2018","2018","2567.69","2567.69"
"شبك حديد للأرضيات  6 ملم","B.R.C. Mesh  6 m.m","","","Q2","Q2","2018","2018","71.21","71.21"
"شبك حديد للأرضيات  7 ملم","B.R.C. Mesh  7 m.m","","","Q2","Q2","2018","2018","97.77","97.77"
"شبك حديد للأرضيات  8 ملم","B.R.C. Mesh 8 m.m","","","Q2","Q2","2018","2018","122.64","122.64"
"اسمنت مقاوم للاملاح","Cement sulphate Resistance","","","Q3","Q3","2018","2018","15.62","15.62"
"اسمنت عادي بورتلاند","Cement Portland Cement","","","Q3","Q3","2018","2018","14.79","14.79"
"اسمنت ابيض","Cement White Cement","","","Q3","Q3","2018","2018","35.78","35.78"
"الجير","Lime","","","Q3","Q3","2018","2018","18.64","18.64"
"الجبس","Gypsum","","","Q3","Q3","2018","2018","8.90","8.90"
"بحص كونكري مكسر 3/4 انش","Aggreates 3/4","","","Q3","Q3","2018","2018","1222.38","1222.38"
"بحص كونكري مكسر 3/8 انش","Aggreates 3/8","","","Q3","Q3","2018","2018","1304.63","1304.63"
"بحص كونكري مكسر 3/16 انش ","Aggreates 3/16","","","Q3","Q3","2018","2018","1437.19","1437.19"
"الرمـــل / ابيض","Sand / White","","","Q3","Q3","2018","2018","866.25","866.25"
"الرمـــل / اسود","Sand / Black","","","Q3","Q3","2018","2018","1099.69","1099.69"
"الرمـــل / احمر","Sand / Red","","","Q3","Q3","2018","2018","641.00","641.00"
"طابوق أسمنتي / مفرغ - 4 سم","Hollow - 4 cm","","","Q3","Q3","2018","2018","2.54","2.54"
"طابوق أسمنتي / مفرغ - 6 سم","Hollow - 6 cm","","","Q3","Q3","2018","2018","2.74","2.74"
"طابوق أسمنتي / مفرغ - 8 سم","Hollow - 8 cm","","","Q3","Q3","2018","2018","2.96","2.96"
"طابوق أسمنتي / مصمت - 4 سم ","Solid - 4 cm","","","Q3","Q3","2018","2018","3.49","3.49"
"طابوق أسمنتي / مصمت - 6 سم","Solid - 6 cm","","","Q3","Q3","2018","2018","3.83","3.83"
"طابوق أسمنتي / مصمت - 8 سم","Solid - 8 cm","","","Q3","Q3","2018","2018","4.04","4.04"
"خرسانة جاهـزة / بورتلاند عادي نيوتن 40","Concrete Ready Mix / Normal - neutin 40","","","Q3","Q3","2018","2018","263.81","263.81"
"خرسانة جاهـزة / مقاوم للاملاح نيوتن 40","Concrete Ready Mix / Sulphate Resistance - neutin 40","","","Q3","Q3","2018","2018","267.75","267.75"
"حديد مبروم 8-6  ملم","Steel Bars 6-8 mm","","","Q3","Q3","2018","2018","2498.13","2498.13"
"حديد مبروم25 -10  ملم","steel Bars 10 - 25","","","Q3","Q3","2018","2018","2444.40","2444.40"
"شبك حديد للأرضيات  6 ملم","B.R.C. Mesh  6 m.m","","","Q3","Q3","2018","2018","73.86","73.86"
"شبك حديد للأرضيات  7 ملم","B.R.C. Mesh  7 m.m","","","Q3","Q3","2018","2018","97.08","97.08"
"شبك حديد للأرضيات  8 ملم","B.R.C. Mesh 8 m.m","","","Q3","Q3","2018","2018","119.95","119.95"
"اسمنت مقاوم للاملاح","Cement sulphate Resistance","","","Q4","Q4","2018","2018","15.53","15.53"
"اسمنت عادي بورتلاند","Cement Portland Cement","","","Q4","Q4","2018","2018","14.50","14.50"
"اسمنت ابيض","Cement White Cement","","","Q4","Q4","2018","2018","36.18","36.18"
"الجير","Lime","","","Q4","Q4","2018","2018","18.64","18.64"
"الجبس","Gypsum","","","Q4","Q4","2018","2018","8.80","8.80"
"بحص كونكري مكسر 3/4 انش","Aggreates 3/4","","","Q4","Q4","2018","2018","1245.71","1245.71"
"بحص كونكري مكسر 3/8 انش","Aggreates 3/8","","","Q4","Q4","2018","2018","1304.63","1304.63"
"بحص كونكري مكسر 3/16 انش ","Aggreates 3/16","","","Q4","Q4","2018","2018","1437.19","1437.19"
"الرمـــل / ابيض","Sand / White","","","Q4","Q4","2018","2018","877.50","877.50"
"الرمـــل / اسود","Sand / Black","","","Q4","Q4","2018","2018","1127.60","1127.60"
"الرمـــل / احمر","Sand / Red","","","Q4","Q4","2018","2018","716.04","716.04"
"طابوق أسمنتي / مفرغ - 4 سم","Hollow - 4 cm","","","Q4","Q4","2018","2018","2.47","2.47"
"طابوق أسمنتي / مفرغ - 6 سم","Hollow - 6 cm","","","Q4","Q4","2018","2018","2.69","2.69"
"طابوق أسمنتي / مفرغ - 8 سم","Hollow - 8 cm","","","Q4","Q4","2018","2018","2.94","2.94"
"طابوق أسمنتي / مصمت - 4 سم ","Solid - 4 cm","","","Q4","Q4","2018","2018","3.42","3.42"
"طابوق أسمنتي / مصمت - 6 سم","Solid - 6 cm","","","Q4","Q4","2018","2018","3.80","3.80"
"طابوق أسمنتي / مصمت - 8 سم","Solid - 8 cm","","","Q4","Q4","2018","2018","3.97","3.97"
"خرسانة جاهـزة / بورتلاند عادي نيوتن 40","Concrete Ready Mix / Normal - neutin 40","","","Q4","Q4","2018","2018","266.00","266.00"
"خرسانة جاهـزة / مقاوم للاملاح نيوتن 40","Concrete Ready Mix / Sulphate Resistance - neutin 40","","","Q4","Q4","2018","2018","267.17","267.17"
"حديد مبروم 8-6  ملم","Steel Bars 6-8 mm","","","Q4","Q4","2018","2018","2303.55","2303.55"
"حديد مبروم25 -10  ملم","steel Bars 10 - 25","","","Q4","Q4","2018","2018","2246.23","2246.23"
"شبك حديد للأرضيات  6 ملم","B.R.C. Mesh  6 m.m","","","Q4","Q4","2018","2018","65.33","65.33"
"شبك حديد للأرضيات  7 ملم","B.R.C. Mesh  7 m.m","","","Q4","Q4","2018","2018","93.39","93.39"
"شبك حديد للأرضيات  8 ملم","B.R.C. Mesh 8 m.m","","","Q4","Q4","2018","2018","118.72","118.72"
"اسمنت مقاوم للاملاح","Cement sulphate Resistance","","","Q1","Q1","2019","2019","16.41","16.41"
"اسمنت عادي بورتلاند","Cement Portland Cement","","","Q1","Q1","2019","2019","14.93","14.93"
"اسمنت ابيض","Cement White Cement","","","Q1","Q1","2019","2019","36.40","36.40"
"الجير","Lime","","","Q1","Q1","2019","2019","15.75","15.75"
"الجبس","Gypsum","","","Q1","Q1","2019","2019","8.28","8.28"
"بحص كونكري مكسر 3/4 انش","Aggreates 3/4","","","Q1","Q1","2019","2019","1207.50","1207.50"
"بحص كونكري مكسر 3/8 انش","Aggreates 3/8","","","Q1","Q1","2019","2019","1207.50","1207.50"
"بحص كونكري مكسر 3/16 انش ","Aggreates 3/16","","","Q1","Q1","2019","2019","1338.75","1338.75"
"الرمـــل / ابيض","Sand / White","","","Q1","Q1","2019","2019","840.00","840.00"
"الرمـــل / اسود","Sand / Black","","","Q1","Q1","2019","2019","1101.67","1101.67"
"الرمـــل / احمر","Sand / Red","","","Q1","Q1","2019","2019","560.83","560.83"
"طابوق أسمنتي / مفرغ - 4 سم","Hollow - 4 cm","","","Q1","Q1","2019","2019","2.18","2.18"
"طابوق أسمنتي / مفرغ - 6 سم","Hollow - 6 cm","","","Q1","Q1","2019","2019","2.39","2.39"
"طابوق أسمنتي / مفرغ - 8 سم","Hollow - 8 cm","","","Q1","Q1","2019","2019","2.60","2.60"
"طابوق أسمنتي / مصمت - 4 سم ","Solid - 4 cm","","","Q1","Q1","2019","2019","3.23","3.23"
"طابوق أسمنتي / مصمت - 6 سم","Solid - 6 cm","","","Q1","Q1","2019","2019","3.47","3.47"
"طابوق أسمنتي / مصمت - 8 سم","Solid - 8 cm","","","Q1","Q1","2019","2019","3.65","3.65"
"خرسانة جاهـزة / بورتلاند عادي نيوتن 40","Concrete Ready Mix / Normal - neutin 40","","","Q1","Q1","2019","2019","266.32","266.32"
"خرسانة جاهـزة / مقاوم للاملاح نيوتن 40","Concrete Ready Mix / Sulphate Resistance - neutin 40","","","Q1","Q1","2019","2019","264.25","264.25"
"حديد مبروم 8-6  ملم","Steel Bars 6-8 mm","","","Q1","Q1","2019","2019","2353.02","2353.02"
"حديد مبروم25 -10  ملم","steel Bars 10 - 25","","","Q1","Q1","2019","2019","2156.03","2156.03"
"شبك حديد للأرضيات  6 ملم","B.R.C. Mesh  6 m.m","","","Q1","Q1","2019","2019","61.02","61.02"
"شبك حديد للأرضيات  7 ملم","B.R.C. Mesh  7 m.m","","","Q1","Q1","2019","2019","88.78","88.78"
"شبك حديد للأرضيات  8 ملم","B.R.C. Mesh 8 m.m","","","Q1","Q1","2019","2019","112.23","112.23"
"اسمنت مقاوم للاملاح","Cement sulphate Resistance","","","Q2","Q2","2019","2019","16.14","16.14"
"اسمنت عادي بورتلاند","Cement Portland Cement","","","Q2","Q2","2019","2019","14.70","14.70"
"اسمنت ابيض","Cement White Cement","","","Q2","Q2","2019","2019","36.40","36.40"
"الجير","Lime","","","Q2","Q2","2019","2019","15.75","15.75"
"الجبس","Gypsum","","","Q2","Q2","2019","2019","7.82","7.82"
"بحص كونكري مكسر 3/4 انش","Aggreates 3/4","","","Q2","Q2","2019","2019","1207.50","1207.50"
"بحص كونكري مكسر 3/8 انش","Aggreates 3/8","","","Q2","Q2","2019","2019","1207.50","1207.50"
"بحص كونكري مكسر 3/16 انش ","Aggreates 3/16","","","Q2","Q2","2019","2019","1338.75","1338.75"
"الرمـــل / ابيض","Sand / White","","","Q2","Q2","2019","2019","840.00","840.00"
"الرمـــل / اسود","Sand / Black","","","Q2","Q2","2019","2019","1101.67","1101.67"
"الرمـــل / احمر","Sand / Red","","","Q2","Q2","2019","2019","560.83","560.83"
"طابوق أسمنتي / مفرغ - 4 سم","Hollow - 4 cm","","","Q2","Q2","2019","2019","2.18","2.18"
"طابوق أسمنتي / مفرغ - 6 سم","Hollow - 6 cm","","","Q2","Q2","2019","2019","2.39","2.39"
"طابوق أسمنتي / مفرغ - 8 سم","Hollow - 8 cm","","","Q2","Q2","2019","2019","2.60","2.60"
"طابوق أسمنتي / مصمت - 4 سم ","Solid - 4 cm","","","Q2","Q2","2019","2019","3.23","3.23"
"طابوق أسمنتي / مصمت - 6 سم","Solid - 6 cm","","","Q2","Q2","2019","2019","3.46","3.46"
"طابوق أسمنتي / مصمت - 8 سم","Solid - 8 cm","","","Q2","Q2","2019","2019","3.65","3.65"
"خرسانة جاهـزة / بورتلاند عادي نيوتن 40","Concrete Ready Mix / Normal - neutin 40","","","Q2","Q2","2019","2019","253.75","253.75"
"خرسانة جاهـزة / مقاوم للاملاح نيوتن 40","Concrete Ready Mix / Sulphate Resistance - neutin 40","","","Q2","Q2","2019","2019","253.98","253.98"
"حديد مبروم 8-6  ملم","Steel Bars 6-8 mm","","","Q2","Q2","2019","2019","2300.38","2300.38"
"حديد مبروم25 -10  ملم","steel Bars 10 - 25","","","Q2","Q2","2019","2019","2136.46","2136.46"
"شبك حديد للأرضيات  6 ملم","B.R.C. Mesh  6 m.m","","","Q2","Q2","2019","2019","59.73","59.73"
"شبك حديد للأرضيات  7 ملم","B.R.C. Mesh  7 m.m","","","Q2","Q2","2019","2019","86.92","86.92"
"شبك حديد للأرضيات  8 ملم","B.R.C. Mesh 8 m.m","","","Q2","Q2","2019","2019","108.50","108.50"
"اسمنت مقاوم للاملاح","Cement sulphate Resistance","","","Q3","Q3","2019","2019","16.14","16.14"
"اسمنت عادي بورتلاند","Cement Portland Cement","","","Q3","Q3","2019","2019","14.64","14.64"
"اسمنت ابيض","Cement White Cement","","","Q3","Q3","2019","2019","36.40","36.40"
"الجير","Lime","","","Q3","Q3","2019","2019","15.75","15.75"
"الجبس","Gypsum","","","Q3","Q3","2019","2019","7.70","7.70"
"بحص كونكري مكسر 3/4 انش","Aggreates 3/4","","","Q3","Q3","2019","2019","1161.39","1161.39"
"بحص كونكري مكسر 3/8 انش","Aggreates 3/8","","","Q3","Q3","2019","2019","1161.39","1161.39"
"بحص كونكري مكسر 3/16 انش ","Aggreates 3/16","","","Q3","Q3","2019","2019","1331.69","1331.69"
"الرمـــل / ابيض","Sand / White","","","Q3","Q3","2019","2019","798.89","798.89"
"الرمـــل / اسود","Sand / Black","","","Q3","Q3","2019","2019","1075.00","1075.00"
"الرمـــل / احمر","Sand / Red","","","Q3","Q3","2019","2019","548.61","548.61"
"طابوق أسمنتي / مفرغ - 4 سم","Hollow - 4 cm","","","Q3","Q3","2019","2019","2.18","2.18"
"طابوق أسمنتي / مفرغ - 6 سم","Hollow - 6 cm","","","Q3","Q3","2019","2019","2.39","2.39"
"طابوق أسمنتي / مفرغ - 8 سم","Hollow - 8 cm","","","Q3","Q3","2019","2019","2.60","2.60"
"طابوق أسمنتي / مصمت - 4 سم ","Solid - 4 cm","","","Q3","Q3","2019","2019","3.23","3.23"
"طابوق أسمنتي / مصمت - 6 سم","Solid - 6 cm","","","Q3","Q3","2019","2019","3.46","3.46"
"طابوق أسمنتي / مصمت - 8 سم","Solid - 8 cm","","","Q3","Q3","2019","2019","3.65","3.65"
"خرسانة جاهـزة / بورتلاند عادي نيوتن 40","Concrete Ready Mix / Normal - neutin 40","","","Q3","Q3","2019","2019","251.48","251.48"
"خرسانة جاهـزة / مقاوم للاملاح نيوتن 40","Concrete Ready Mix / Sulphate Resistance - neutin 40","","","Q3","Q3","2019","2019","254.92","254.92"
"حديد مبروم 8-6  ملم","Steel Bars 6-8 mm","","","Q3","Q3","2019","2019","2231.25","2231.25"
"حديد مبروم25 -10  ملم","steel Bars 10 - 25","","","Q3","Q3","2019","2019","2089.56","2089.56"
"شبك حديد للأرضيات  6 ملم","B.R.C. Mesh  6 m.m","","","Q3","Q3","2019","2019","59.27","59.27"
"شبك حديد للأرضيات  7 ملم","B.R.C. Mesh  7 m.m","","","Q3","Q3","2019","2019","84.17","84.17"
"شبك حديد للأرضيات  8 ملم","B.R.C. Mesh 8 m.m","","","Q3","Q3","2019","2019","107.13","107.13"
"اسمنت مقاوم للاملاح","Cement sulphate Resistance","","","Q4","Q4","2019","2019","15.89","15.89"
"اسمنت عادي بورتلاند","Cement Portland Cement","","","Q4","Q4","2019","2019","14.18","14.18"
"اسمنت ابيض","Cement White Cement","","","Q4","Q4","2019","2019","36.40","36.40"
"الجير","Lime","","","Q4","Q4","2019","2019","15.75","15.75"
"الجبس","Gypsum","","","Q4","Q4","2019","2019","7.70","7.70"
"بحص كونكري مكسر 3/4 انش","Aggreates 3/4","","","Q4","Q4","2019","2019","1138.33","1138.33"
"بحص كونكري مكسر 3/8 انش","Aggreates 3/8","","","Q4","Q4","2019","2019","1138.33","1138.33"
"بحص كونكري مكسر 3/16 انش ","Aggreates 3/16","","","Q4","Q4","2019","2019","1318.17","1318.17"
"الرمـــل / ابيض","Sand / White","","","Q4","Q4","2019","2019","763.33","763.33"
"الرمـــل / اسود","Sand / Black","","","Q4","Q4","2019","2019","1061.67","1061.67"
"الرمـــل / احمر","Sand / Red","","","Q4","Q4","2019","2019","542.50","542.50"
"طابوق أسمنتي / مفرغ - 4 سم","Hollow - 4 cm","","","Q4","Q4","2019","2019","2.18","2.18"
"طابوق أسمنتي / مفرغ - 6 سم","Hollow - 6 cm","","","Q4","Q4","2019","2019","2.39","2.39"
"طابوق أسمنتي / مفرغ - 8 سم","Hollow - 8 cm","","","Q4","Q4","2019","2019","2.60","2.60"
"طابوق أسمنتي / مصمت - 4 سم ","Solid - 4 cm","","","Q4","Q4","2019","2019","3.23","3.23"
"طابوق أسمنتي / مصمت - 6 سم","Solid - 6 cm","","","Q4","Q4","2019","2019","3.47","3.47"
"طابوق أسمنتي / مصمت - 8 سم","Solid - 8 cm","","","Q4","Q4","2019","2019","3.65","3.65"
"خرسانة جاهـزة / بورتلاند عادي نيوتن 40","Concrete Ready Mix / Normal - neutin 40","","","Q4","Q4","2019","2019","248.50","248.50"
"خرسانة جاهـزة / مقاوم للاملاح نيوتن 40","Concrete Ready Mix / Sulphate Resistance - neutin 40","","","Q4","Q4","2019","2019","254.54","254.54"
"حديد مبروم 8-6  ملم","Steel Bars 6-8 mm","","","Q4","Q4","2019","2019","2086.15","2086.15"
"حديد مبروم25 -10  ملم","steel Bars 10 - 25","","","Q4","Q4","2019","2019","2007.40","2007.40"
"شبك حديد للأرضيات  6 ملم","B.R.C. Mesh  6 m.m","","","Q4","Q4","2019","2019","55.56","55.56"
"شبك حديد للأرضيات  7 ملم","B.R.C. Mesh  7 m.m","","","Q4","Q4","2019","2019","78.14","78.14"
"شبك حديد للأرضيات  8 ملم","B.R.C. Mesh 8 m.m","","","Q4","Q4","2019","2019","100.34","100.34"
"اسمنت مقاوم للاملاح","Cement sulphate Resistance","","","Q1","Q1","2020","2020","15.69","15.69"
"اسمنت عادي بورتلاند","Cement Portland Cement","","","Q1","Q1","2020","2020","14.18","14.18"
"اسمنت ابيض","Cement White Cement","","","Q1","Q1","2020","2020","36.40","36.40"
"الجير","Lime","","","Q1","Q1","2020","2020","15.75","15.75"
"الجبس","Gypsum","","","Q1","Q1","2020","2020","7.82","7.82"
"بحص كونكري مكسر 3/4 انش","Aggreates 3/4","","","Q1","Q1","2020","2020","1138.33","1138.33"
"بحص كونكري مكسر 3/8 انش","Aggreates 3/8","","","Q1","Q1","2020","2020","1138.33","1138.33"
"بحص كونكري مكسر 3/16 انش ","Aggreates 3/16","","","Q1","Q1","2020","2020","1318.17","1318.17"
"الرمـــل / ابيض","Sand / White","","","Q1","Q1","2020","2020","763.33","763.33"
"الرمـــل / اسود","Sand / Black","","","Q1","Q1","2020","2020","1061.67","1061.67"
"الرمـــل / احمر","Sand / Red","","","Q1","Q1","2020","2020","542.50","542.50"
"طابوق أسمنتي / مفرغ - 4 سم","Hollow - 4 cm","","","Q1","Q1","2020","2020","2.11","2.11"
"طابوق أسمنتي / مفرغ - 6 سم","Hollow - 6 cm","","","Q1","Q1","2020","2020","2.32","2.32"
"طابوق أسمنتي / مفرغ - 8 سم","Hollow - 8 cm","","","Q1","Q1","2020","2020","2.55","2.55"
"طابوق أسمنتي / مصمت - 4 سم ","Solid - 4 cm","","","Q1","Q1","2020","2020","3.16","3.16"
"طابوق أسمنتي / مصمت - 6 سم","Solid - 6 cm","","","Q1","Q1","2020","2020","3.42","3.42"
"طابوق أسمنتي / مصمت - 8 سم","Solid - 8 cm","","","Q1","Q1","2020","2020","3.60","3.60"
"خرسانة جاهـزة / بورتلاند عادي نيوتن 40","Concrete Ready Mix / Normal - neutin 40","","","Q1","Q1","2020","2020","246.36","246.36"
"خرسانة جاهـزة / مقاوم للاملاح نيوتن 40","Concrete Ready Mix / Sulphate Resistance - neutin 40","","","Q1","Q1","2020","2020","248.70","248.70"
"حديد مبروم 8-6  ملم","Steel Bars 6-8 mm","","","Q1","Q1","2020","2020","2184.00","2184.00"
"حديد مبروم25 -10  ملم","steel Bars 10 - 25","","","Q1","Q1","2020","2020","2073.17","2073.17"
"شبك حديد للأرضيات  6 ملم","B.R.C. Mesh  6 m.m","","","Q1","Q1","2020","2020","59.44","59.44"
"شبك حديد للأرضيات  7 ملم","B.R.C. Mesh  7 m.m","","","Q1","Q1","2020","2020","82.98","82.98"
"شبك حديد للأرضيات  8 ملم","B.R.C. Mesh 8 m.m","","","Q1","Q1","2020","2020","103.57","103.57"
"اسمنت مقاوم للاملاح","Cement sulphate Resistance","","","Q2","Q2","2020","2020","15.27","15.27"
"اسمنت عادي بورتلاند","Cement Portland Cement","","","Q2","Q2","2020","2020","14.09","14.09"
"اسمنت ابيض","Cement White Cement","","","Q2","Q2","2020","2020","36.28","36.28"
"الجير","Lime","","","Q2","Q2","2020","2020","15.75","15.75"
"الجبس","Gypsum","","","Q2","Q2","2020","2020","8.05","8.05"
"بحص كونكري مكسر 3/4 انش","Aggreates 3/4","","","Q2","Q2","2020","2020","1115.00","1115.00"
"بحص كونكري مكسر 3/8 انش","Aggreates 3/8","","","Q2","Q2","2020","2020","1115.00","1115.00"
"بحص كونكري مكسر 3/16 انش ","Aggreates 3/16","","","Q2","Q2","2020","2020","1311.17","1311.17"
"الرمـــل / ابيض","Sand / White","","","Q2","Q2","2020","2020","763.33","763.33"
"الرمـــل / اسود","Sand / Black","","","Q2","Q2","2020","2020","1061.67","1061.67"
"الرمـــل / احمر","Sand / Red","","","Q2","Q2","2020","2020","542.50","542.50"
"طابوق أسمنتي / مفرغ - 4 سم","Hollow - 4 cm","","","Q2","Q2","2020","2020","2.02","2.02"
"طابوق أسمنتي / مفرغ - 6 سم","Hollow - 6 cm","","","Q2","Q2","2020","2020","2.23","2.23"
"طابوق أسمنتي / مفرغ - 8 سم","Hollow - 8 cm","","","Q2","Q2","2020","2020","2.46","2.46"
"طابوق أسمنتي / مصمت - 4 سم ","Solid - 4 cm","","","Q2","Q2","2020","2020","3.06","3.06"
"طابوق أسمنتي / مصمت - 6 سم","Solid - 6 cm","","","Q2","Q2","2020","2020","3.42","3.42"
"طابوق أسمنتي / مصمت - 8 سم","Solid - 8 cm","","","Q2","Q2","2020","2020","3.51","3.51"
"خرسانة جاهـزة / بورتلاند عادي نيوتن 40","Concrete Ready Mix / Normal - neutin 40","","","Q2","Q2","2020","2020","236.25","236.25"
"خرسانة جاهـزة / مقاوم للاملاح نيوتن 40","Concrete Ready Mix / Sulphate Resistance - neutin 40","","","Q2","Q2","2020","2020","244.28","244.28"
"حديد مبروم 8-6  ملم","Steel Bars 6-8 mm","","","Q2","Q2","2020","2020","2018.75","2018.75"
"حديد مبروم25 -10  ملم","steel Bars 10 - 25","","","Q2","Q2","2020","2020","1898.02","1898.02"
"شبك حديد للأرضيات  6 ملم","B.R.C. Mesh  6 m.m","","","Q2","Q2","2020","2020","55.91","55.91"
"شبك حديد للأرضيات  7 ملم","B.R.C. Mesh  7 m.m","","","Q2","Q2","2020","2020","78.40","78.40"
"شبك حديد للأرضيات  8 ملم","B.R.C. Mesh 8 m.m","","","Q2","Q2","2020","2020","97.45","97.45"
"اسمنت مقاوم للاملاح","Cement sulphate Resistance","","","Q3","Q3","2020","2020","14.79","14.79"
"اسمنت عادي بورتلاند","Cement Portland Cement","","","Q3","Q3","2020","2020","13.39","13.39"
"اسمنت ابيض","Cement White Cement","","","Q3","Q3","2020","2020","35.82","35.82"
"الجير","Lime","","","Q3","Q3","2020","2020","15.75","15.75"
"الجبس","Gypsum","","","Q3","Q3","2020","2020","8.05","8.05"
"بحص كونكري مكسر 3/4 انش","Aggreates 3/4","","","Q3","Q3","2020","2020","1103.33","1103.33"
"بحص كونكري مكسر 3/8 انش","Aggreates 3/8","","","Q3","Q3","2020","2020","1103.33","1103.33"
"بحص كونكري مكسر 3/16 انش ","Aggreates 3/16","","","Q3","Q3","2020","2020","1307.67","1307.67"
"الرمـــل / ابيض","Sand / White","","","Q3","Q3","2020","2020","763.33","763.33"
"الرمـــل / اسود","Sand / Black","","","Q3","Q3","2020","2020","1061.67","1061.67"
"الرمـــل / احمر","Sand / Red","","","Q3","Q3","2020","2020","542.50","542.50"
"طابوق أسمنتي / مفرغ - 4 سم","Hollow - 4 cm","","","Q3","Q3","2020","2020","1.93","1.93"
"طابوق أسمنتي / مفرغ - 6 سم","Hollow - 6 cm","","","Q3","Q3","2020","2020","2.14","2.14"
"طابوق أسمنتي / مفرغ - 8 سم","Hollow - 8 cm","","","Q3","Q3","2020","2020","2.35","2.35"
"طابوق أسمنتي / مصمت - 4 سم ","Solid - 4 cm","","","Q3","Q3","2020","2020","2.94","2.94"
"طابوق أسمنتي / مصمت - 6 سم","Solid - 6 cm","","","Q3","Q3","2020","2020","3.42","3.42"
"طابوق أسمنتي / مصمت - 8 سم","Solid - 8 cm","","","Q3","Q3","2020","2020","3.40","3.40"
"خرسانة جاهـزة / بورتلاند عادي نيوتن 40","Concrete Ready Mix / Normal - neutin 40","","","Q3","Q3","2020","2020","231.03","231.03"
"خرسانة جاهـزة / مقاوم للاملاح نيوتن 40","Concrete Ready Mix / Sulphate Resistance - neutin 40","","","Q3","Q3","2020","2020","240.98","240.98"
"حديد مبروم 8-6  ملم","Steel Bars 6-8 mm","","","Q3","Q3","2020","2020","2065.00","2065.00"
"حديد مبروم25 -10  ملم","steel Bars 10 - 25","","","Q3","Q3","2020","2020","1936.67","1936.67"
"شبك حديد للأرضيات  6 ملم","B.R.C. Mesh  6 m.m","","","Q3","Q3","2020","2020","57.63","57.63"
"شبك حديد للأرضيات  7 ملم","B.R.C. Mesh  7 m.m","","","Q3","Q3","2020","2020","79.68","79.68"
"شبك حديد للأرضيات  8 ملم","B.R.C. Mesh 8 m.m","","","Q3","Q3","2020","2020","99.98","99.98"
"اسمنت مقاوم للاملاح","Cement sulphate Resistance","","","Q4","Q4","2020","2020","14.79","14.79"
"اسمنت عادي بورتلاند","Cement Portland Cement","","","Q4","Q4","2020","2020","13.13","13.13"
"اسمنت ابيض","Cement White Cement","","","Q4","Q4","2020","2020","35.82","35.82"
"الجير","Lime","","","Q4","Q4","2020","2020","15.75","15.75"
"الجبس","Gypsum","","","Q4","Q4","2020","2020","8.05","8.05"
"بحص كونكري مكسر 3/4 انش","Aggreates 3/4","","","Q4","Q4","2020","2020","1097.50","1097.50"
"بحص كونكري مكسر 3/8 انش","Aggreates 3/8","","","Q4","Q4","2020","2020","1097.50","1097.50"
"بحص كونكري مكسر 3/16 انش ","Aggreates 3/16","","","Q4","Q4","2020","2020","1300.67","1300.67"
"الرمـــل / ابيض","Sand / White","","","Q4","Q4","2020","2020","763.33","763.33"
"الرمـــل / اسود","Sand / Black","","","Q4","Q4","2020","2020","1061.67","1061.67"
"الرمـــل / احمر","Sand / Red","","","Q4","Q4","2020","2020","542.50","542.50"
"طابوق أسمنتي / مفرغ - 4 سم","Hollow - 4 cm","","","Q4","Q4","2020","2020","1.93","1.93"
"طابوق أسمنتي / مفرغ - 6 سم","Hollow - 6 cm","","","Q4","Q4","2020","2020","2.14","2.14"
"طابوق أسمنتي / مفرغ - 8 سم","Hollow - 8 cm","","","Q4","Q4","2020","2020","2.35","2.35"
"طابوق أسمنتي / مصمت - 4 سم ","Solid - 4 cm","","","Q4","Q4","2020","2020","2.94","2.94"
"طابوق أسمنتي / مصمت - 6 سم","Solid - 6 cm","","","Q4","Q4","2020","2020","3.42","3.42"
"طابوق أسمنتي / مصمت - 8 سم","Solid - 8 cm","","","Q4","Q4","2020","2020","3.40","3.40"
"خرسانة جاهـزة / بورتلاند عادي نيوتن 40","Concrete Ready Mix / Normal - neutin 40","","","Q4","Q4","2020","2020","229.56","229.56"
"خرسانة جاهـزة / مقاوم للاملاح نيوتن 40","Concrete Ready Mix / Sulphate Resistance - neutin 40","","","Q4","Q4","2020","2020","238.37","238.37"
"حديد مبروم 8-6  ملم","Steel Bars 6-8 mm","","","Q4","Q4","2020","2020","2339.17","2339.17"
"حديد مبروم25 -10  ملم","steel Bars 10 - 25","","","Q4","Q4","2020","2020","2181.67","2181.67"
"شبك حديد للأرضيات  6 ملم","B.R.C. Mesh  6 m.m","","","Q4","Q4","2020","2020","62.48","62.48"
"شبك حديد للأرضيات  7 ملم","B.R.C. Mesh  7 m.m","","","Q4","Q4","2020","2020","85.40","85.40"
"شبك حديد للأرضيات  8 ملم","B.R.C. Mesh 8 m.m","","","Q4","Q4","2020","2020","107.92","107.92"
"اسمنت مقاوم للاملاح","Cement sulphate Resistance","","","Q1","Q1","2021","2021","14.79","14.79"
"اسمنت عادي بورتلاند","Cement Portland Cement","","","Q1","Q1","2021","2021","12.96","12.96"
"اسمنت ابيض","Cement White Cement","","","Q1","Q1","2021","2021","34.71","34.71"
"الجير","Lime","","","Q1","Q1","2021","2021","15.75","15.75"
"الجبس","Gypsum","","","Q1","Q1","2021","2021","8.05","8.05"
"بحص كونكري مكسر 3/4 انش","Aggreates 3/4","","","Q1","Q1","2021","2021","1091.39","1091.39"
"بحص كونكري مكسر 3/8 انش","Aggreates 3/8","","","Q1","Q1","2021","2021","1091.39","1091.39"
"بحص كونكري مكسر 3/16 انش ","Aggreates 3/16","","","Q1","Q1","2021","2021","1292.22","1292.22"
"الرمـــل / ابيض","Sand / White","","","Q1","Q1","2021","2021","793.33","793.33"
"الرمـــل / اسود","Sand / Black","","","Q1","Q1","2021","2021","1085.28","1085.28"
"الرمـــل / احمر","Sand / Red","","","Q1","Q1","2021","2021","601.67","601.67"
"طابوق أسمنتي / مفرغ - 4 سم","Hollow - 4 cm","","","Q1","Q1","2021","2021","1.93","1.93"
"طابوق أسمنتي / مفرغ - 6 سم","Hollow - 6 cm","","","Q1","Q1","2021","2021","2.14","2.14"
"طابوق أسمنتي / مفرغ - 8 سم","Hollow - 8 cm","","","Q1","Q1","2021","2021","2.35","2.35"
"طابوق أسمنتي / مصمت - 4 سم ","Solid - 4 cm","","","Q1","Q1","2021","2021","2.94","2.94"
"طابوق أسمنتي / مصمت - 6 سم","Solid - 6 cm","","","Q1","Q1","2021","2021","3.42","3.42"
"طابوق أسمنتي / مصمت - 8 سم","Solid - 8 cm","","","Q1","Q1","2021","2021","3.40","3.40"
"خرسانة جاهـزة / بورتلاند عادي نيوتن 40","Concrete Ready Mix / Normal - neutin 40","","","Q1","Q1","2021","2021","219.27","219.27"
"خرسانة جاهـزة / مقاوم للاملاح نيوتن 40","Concrete Ready Mix / Sulphate Resistance - neutin 40","","","Q1","Q1","2021","2021","231.83","231.83"
"حديد مبروم 8-6  ملم","Steel Bars 6-8 mm","","","Q1","Q1","2021","2021","2846.55","2846.55"
"حديد مبروم25 -10  ملم","steel Bars 10 - 25","","","Q1","Q1","2021","2021","2735.89","2735.89"
"شبك حديد للأرضيات  6 ملم","B.R.C. Mesh  6 m.m","","","Q1","Q1","2021","2021","76.35","76.35"
"شبك حديد للأرضيات  7 ملم","B.R.C. Mesh  7 m.m","","","Q1","Q1","2021","2021","102.46","102.46"
"شبك حديد للأرضيات  8 ملم","B.R.C. Mesh 8 m.m","","","Q1","Q1","2021","2021","131.32","131.32"
"اسمنت مقاوم للاملاح","Cement sulphate Resistance","","","Q2","Q2","2021","2021","14.93","14.93"
"اسمنت عادي بورتلاند","Cement Portland Cement","","","Q2","Q2","2021","2021","12.34","12.34"
"اسمنت ابيض","Cement White Cement","","","Q2","Q2","2021","2021","35.35","35.35"
"الجير","Lime","","","Q2","Q2","2021","2021","15.75","15.75"
"الجبس","Gypsum","","","Q2","Q2","2021","2021","8.05","8.05"
"بحص كونكري مكسر 3/4 انش","Aggreates 3/4","","","Q2","Q2","2021","2021","1147.78","1147.78"
"بحص كونكري مكسر 3/8 انش","Aggreates 3/8","","","Q2","Q2","2021","2021","1147.78","1147.78"
"بحص كونكري مكسر 3/16 انش ","Aggreates 3/16","","","Q2","Q2","2021","2021","1263.33","1263.33"
"الرمـــل / ابيض","Sand / White","","","Q2","Q2","2021","2021","805.56","805.56"
"الرمـــل / اسود","Sand / Black","","","Q2","Q2","2021","2021","1100.83","1100.83"
"الرمـــل / احمر","Sand / Red","","","Q2","Q2","2021","2021","601.67","601.67"
"طابوق أسمنتي / مفرغ - 4 سم","Hollow - 4 cm","","","Q2","Q2","2021","2021","1.93","1.93"
"طابوق أسمنتي / مفرغ - 6 سم","Hollow - 6 cm","","","Q2","Q2","2021","2021","2.14","2.14"
"طابوق أسمنتي / مفرغ - 8 سم","Hollow - 8 cm","","","Q2","Q2","2021","2021","2.35","2.35"
"طابوق أسمنتي / مصمت - 4 سم ","Solid - 4 cm","","","Q2","Q2","2021","2021","2.94","2.94"
"طابوق أسمنتي / مصمت - 6 سم","Solid - 6 cm","","","Q2","Q2","2021","2021","3.42","3.42"
"طابوق أسمنتي / مصمت - 8 سم","Solid - 8 cm","","","Q2","Q2","2021","2021","3.40","3.40"
"خرسانة جاهـزة / بورتلاند عادي نيوتن 40","Concrete Ready Mix / Normal - neutin 40","","","Q2","Q2","2021","2021","205.64","205.64"
"خرسانة جاهـزة / مقاوم للاملاح نيوتن 40","Concrete Ready Mix / Sulphate Resistance - neutin 40","","","Q2","Q2","2021","2021","211.10","211.10"
"حديد مبروم 8-6  ملم","Steel Bars 6-8 mm","","","Q2","Q2","2021","2021","3076.39","3076.39"
"حديد مبروم25 -10  ملم","steel Bars 10 - 25","","","Q2","Q2","2021","2021","2943.68","2943.68"
"شبك حديد للأرضيات  6 ملم","B.R.C. Mesh  6 m.m","","","Q2","Q2","2021","2021","81.41","81.41"
"شبك حديد للأرضيات  7 ملم","B.R.C. Mesh  7 m.m","","","Q2","Q2","2021","2021","112.44","112.44"
"شبك حديد للأرضيات  8 ملم","B.R.C. Mesh 8 m.m","","","Q2","Q2","2021","2021","139.68","139.68"
"اسمنت مقاوم للاملاح","Cement sulphate Resistance","","","Q3","Q3","2021","2021","14.75","14.75"
"اسمنت عادي بورتلاند","Cement Portland Cement","","","Q3","Q3","2021","2021","11.81","11.81"
"اسمنت ابيض","Cement White Cement","","","Q3","Q3","2021","2021","34.94","34.94"
"الجير","Lime","","","Q3","Q3","2021","2021","15.75","15.75"
"الجبس","Gypsum","","","Q3","Q3","2021","2021","8.05","8.05"
"بحص كونكري مكسر 3/4 انش","Aggreates 3/4","","","Q3","Q3","2021","2021","1168.33","1168.33"
"بحص كونكري مكسر 3/8 انش","Aggreates 3/8","","","Q3","Q3","2021","2021","1168.33","1168.33"
"بحص كونكري مكسر 3/16 انش ","Aggreates 3/16","","","Q3","Q3","2021","2021","1341.11","1341.11"
"الرمـــل / ابيض","Sand / White","","","Q3","Q3","2021","2021","830.00","830.00"
"الرمـــل / اسود","Sand / Black","","","Q3","Q3","2021","2021","1100.83","1100.83"
"الرمـــل / احمر","Sand / Red","","","Q3","Q3","2021","2021","601.67","601.67"
"طابوق أسمنتي / مفرغ - 4 سم","Hollow - 4 cm","","","Q3","Q3","2021","2021","1.93","1.93"
"طابوق أسمنتي / مفرغ - 6 سم","Hollow - 6 cm","","","Q3","Q3","2021","2021","2.14","2.14"
"طابوق أسمنتي / مفرغ - 8 سم","Hollow - 8 cm","","","Q3","Q3","2021","2021","2.35","2.35"
"طابوق أسمنتي / مصمت - 4 سم ","Solid - 4 cm","","","Q3","Q3","2021","2021","2.94","2.94"
"طابوق أسمنتي / مصمت - 6 سم","Solid - 6 cm","","","Q3","Q3","2021","2021","3.42","3.42"
"طابوق أسمنتي / مصمت - 8 سم","Solid - 8 cm","","","Q3","Q3","2021","2021","3.40","3.40"
"خرسانة جاهـزة / بورتلاند عادي نيوتن 40","Concrete Ready Mix / Normal - neutin 40","","","Q3","Q3","2021","2021","200.03","200.03"
"خرسانة جاهـزة / مقاوم للاملاح نيوتن 40","Concrete Ready Mix / Sulphate Resistance - neutin 40","","","Q3","Q3","2021","2021","203.57","203.57"
"حديد مبروم 8-6  ملم","Steel Bars 6-8 mm","","","Q3","Q3","2021","2021","3054.29","3054.29"
"حديد مبروم25 -10  ملم","steel Bars 10 - 25","","","Q3","Q3","2021","2021","2930.70","2930.70"
"شبك حديد للأرضيات  6 ملم","B.R.C. Mesh  6 m.m","","","Q3","Q3","2021","2021","79.16","79.16"
"شبك حديد للأرضيات  7 ملم","B.R.C. Mesh  7 m.m","","","Q3","Q3","2021","2021","112.44","112.44"
"شبك حديد للأرضيات  8 ملم","B.R.C. Mesh 8 m.m","","","Q3","Q3","2021","2021","141.00","141.00"
"اسمنت مقاوم للاملاح","Cement sulphate Resistance","","","Q4","Q4","2021","2021","14.79","14.79"
"اسمنت عادي بورتلاند","Cement Portland Cement","","","Q4","Q4","2021","2021","11.11","11.11"
"اسمنت ابيض","Cement White Cement","","","Q4","Q4","2021","2021","34.83","34.83"
"الجير","Lime","","","Q4","Q4","2021","2021","15.75","15.75"
"الجبس","Gypsum","","","Q4","Q4","2021","2021","8.05","8.05"
"بحص كونكري مكسر 3/4 انش","Aggreates 3/4","","","Q4","Q4","2021","2021","1168.33","1168.33"
"بحص كونكري مكسر 3/8 انش","Aggreates 3/8","","","Q4","Q4","2021","2021","1168.33","1168.33"
"بحص كونكري مكسر 3/16 انش ","Aggreates 3/16","","","Q4","Q4","2021","2021","1286.67","1286.67"
"الرمـــل / ابيض","Sand / White","","","Q4","Q4","2021","2021","830.00","830.00"
"الرمـــل / اسود","Sand / Black","","","Q4","Q4","2021","2021","1100.83","1100.83"
"الرمـــل / احمر","Sand / Red","","","Q4","Q4","2021","2021","626.67","626.67"
"طابوق أسمنتي / مفرغ - 4 سم","Hollow - 4 cm","","","Q4","Q4","2021","2021","1.93","1.93"
"طابوق أسمنتي / مفرغ - 6 سم","Hollow - 6 cm","","","Q4","Q4","2021","2021","2.14","2.14"
"طابوق أسمنتي / مفرغ - 8 سم","Hollow - 8 cm","","","Q4","Q4","2021","2021","2.35","2.35"
"طابوق أسمنتي / مصمت - 4 سم ","Solid - 4 cm","","","Q4","Q4","2021","2021","2.94","2.94"
"طابوق أسمنتي / مصمت - 6 سم","Solid - 6 cm","","","Q4","Q4","2021","2021","3.42","3.42"
"طابوق أسمنتي / مصمت - 8 سم","Solid - 8 cm","","","Q4","Q4","2021","2021","3.40","3.40"
"خرسانة جاهـزة / بورتلاند عادي نيوتن 40","Concrete Ready Mix / Normal - neutin 40","","","Q4","Q4","2021","2021","195.95","195.95"
"خرسانة جاهـزة / مقاوم للاملاح نيوتن 40","Concrete Ready Mix / Sulphate Resistance - neutin 40","","","Q4","Q4","2021","2021","198.81","198.81"
"حديد مبروم 8-6  ملم","Steel Bars 6-8 mm","","","Q4","Q4","2021","2021","2829.87","2829.87"
"حديد مبروم25 -10  ملم","steel Bars 10 - 25","","","Q4","Q4","2021","2021","2703.11","2703.11"
"شبك حديد للأرضيات  6 ملم","B.R.C. Mesh  6 m.m","","","Q4","Q4","2021","2021","74.75","74.75"
"شبك حديد للأرضيات  7 ملم","B.R.C. Mesh  7 m.m","","","Q4","Q4","2021","2021","109.34","109.34"
"شبك حديد للأرضيات  8 ملم","B.R.C. Mesh 8 m.m","","","Q4","Q4","2021","2021","131.38","131.38"
"اسمنت مقاوم للاملاح","Cement sulphate Resistance","","","Q1","Q1","2022","2022","14.53","14.53"
"اسمنت عادي بورتلاند","Cement Portland Cement","","","Q1","Q1","2022","2022","11.15","11.15"
"اسمنت ابيض","Cement White Cement","","","Q1","Q1","2022","2022","34.83","34.83"
"الجير","Lime","","","Q1","Q1","2022","2022","15.75","15.75"
"الجبس","Gypsum","","","Q1","Q1","2022","2022","8.05","8.05"
"بحص كونكري مكسر 3/4 انش","Aggreates 3/4","","","Q1","Q1","2022","2022","1179.44","1179.44"
"بحص كونكري مكسر 3/8 انش","Aggreates 3/8","","","Q1","Q1","2022","2022","1179.44","1179.44"
"بحص كونكري مكسر 3/16 انش ","Aggreates 3/16","","","Q1","Q1","2022","2022","1296.67","1296.67"
"الرمـــل / ابيض","Sand / White","","","Q1","Q1","2022","2022","830.00","830.00"
"الرمـــل / اسود","Sand / Black","","","Q1","Q1","2022","2022","1100.83","1100.83"
"الرمـــل / احمر","Sand / Red","","","Q1","Q1","2022","2022","626.67","626.67"
"طابوق أسمنتي / مفرغ - 4 سم","Hollow - 4 cm","","","Q1","Q1","2022","2022","1.95","1.95"
"طابوق أسمنتي / مفرغ - 6 سم","Hollow - 6 cm","","","Q1","Q1","2022","2022","2.16","2.16"
"طابوق أسمنتي / مفرغ - 8 سم","Hollow - 8 cm","","","Q1","Q1","2022","2022","2.37","2.37"
"طابوق أسمنتي / مصمت - 4 سم ","Solid - 4 cm","","","Q1","Q1","2022","2022","2.97","2.97"
"طابوق أسمنتي / مصمت - 6 سم","Solid - 6 cm","","","Q1","Q1","2022","2022","3.42","3.42"
"طابوق أسمنتي / مصمت - 8 سم","Solid - 8 cm","","","Q1","Q1","2022","2022","3.42","3.42"
"خرسانة جاهـزة / بورتلاند عادي نيوتن 40","Concrete Ready Mix / Normal - neutin 40","","","Q1","Q1","2022","2022","206.12","206.12"
"خرسانة جاهـزة / مقاوم للاملاح نيوتن 40","Concrete Ready Mix / Sulphate Resistance - neutin 40","","","Q1","Q1","2022","2022","213.96","213.96"
"حديد مبروم 8-6  ملم","Steel Bars 6-8 mm","","","Q1","Q1","2022","2022","3103.70","3103.70"
"حديد مبروم25 -10  ملم","steel Bars 10 - 25","","","Q1","Q1","2022","2022","2986.39","2986.39"
"شبك حديد للأرضيات  6 ملم","B.R.C. Mesh  6 m.m","","","Q1","Q1","2022","2022","76.55","76.55"
"شبك حديد للأرضيات  7 ملم","B.R.C. Mesh  7 m.m","","","Q1","Q1","2022","2022","106.55","106.55"
"شبك حديد للأرضيات  8 ملم","B.R.C. Mesh 8 m.m","","","Q1","Q1","2022","2022","142.13","142.13"
"اسمنت مقاوم للاملاح","Cement sulphate Resistance","","","Q2","Q2","2022","2022","14.79","14.79"
"اسمنت عادي بورتلاند","Cement Portland Cement","","","Q2","Q2","2022","2022","11.46","11.46"
"اسمنت ابيض","Cement White Cement","","","Q2","Q2","2022","2022","34.53","34.53"
"الجير","Lime","","","Q2","Q2","2022","2022","15.75","15.75"
"الجبس","Gypsum","","","Q2","Q2","2022","2022","8.05","8.05"
"بحص كونكري مكسر 3/4 انش","Aggreates 3/4","","","Q2","Q2","2022","2022","1223.33","1223.33"
"بحص كونكري مكسر 3/8 انش","Aggreates 3/8","","","Q2","Q2","2022","2022","1223.33","1223.33"
"بحص كونكري مكسر 3/16 انش ","Aggreates 3/16","","","Q2","Q2","2022","2022","1383.33","1383.33"
"الرمـــل / ابيض","Sand / White","","","Q2","Q2","2022","2022","793.33","793.33"
"الرمـــل / اسود","Sand / Black","","","Q2","Q2","2022","2022","1116.67","1116.67"
"الرمـــل / احمر","Sand / Red","","","Q2","Q2","2022","2022","606.67","606.67"
"طابوق أسمنتي / مفرغ - 4 سم","Hollow - 4 cm","","","Q2","Q2","2022","2022","2.00","2.00"
"طابوق أسمنتي / مفرغ - 6 سم","Hollow - 6 cm","","","Q2","Q2","2022","2022","2.21","2.21"
"طابوق أسمنتي / مفرغ - 8 سم","Hollow - 8 cm","","","Q2","Q2","2022","2022","2.42","2.42"
"طابوق أسمنتي / مصمت - 4 سم ","Solid - 4 cm","","","Q2","Q2","2022","2022","3.01","3.01"
"طابوق أسمنتي / مصمت - 6 سم","Solid - 6 cm","","","Q2","Q2","2022","2022","3.42","3.42"
"طابوق أسمنتي / مصمت - 8 سم","Solid - 8 cm","","","Q2","Q2","2022","2022","3.47","3.47"
"خرسانة جاهـزة / بورتلاند عادي نيوتن 40","Concrete Ready Mix / Normal - neutin 40","","","Q2","Q2","2022","2022","218.38","218.38"
"خرسانة جاهـزة / مقاوم للاملاح نيوتن 40","Concrete Ready Mix / Sulphate Resistance - neutin 40","","","Q2","Q2","2022","2022","229.83","229.83"
"حديد مبروم 8-6  ملم","Steel Bars 6-8 mm","","","Q2","Q2","2022","2022","3363.89","3363.89"
"حديد مبروم25 -10  ملم","steel Bars 10 - 25","","","Q2","Q2","2022","2022","3233.17","3233.17"
"شبك حديد للأرضيات  6 ملم","B.R.C. Mesh  6 m.m","","","Q2","Q2","2022","2022","82.43","82.43"
"شبك حديد للأرضيات  7 ملم","B.R.C. Mesh  7 m.m","","","Q2","Q2","2022","2022","115.02","115.02"
"شبك حديد للأرضيات  8 ملم","B.R.C. Mesh 8 m.m","","","Q2","Q2","2022","2022","158.17","158.17"
"اسمنت مقاوم للاملاح","Cement sulphate Resistance","","","Q3","Q3","2022","2022","15.49","15.49"
"اسمنت عادي بورتلاند","Cement Portland Cement","","","Q3","Q3","2022","2022","12.13","12.13"
"اسمنت ابيض","Cement White Cement","","","Q3","Q3","2022","2022","34.48","34.48"
"الجير","Lime","","","Q3","Q3","2022","2022","15.75","15.75"
"الجبس","Gypsum","","","Q3","Q3","2022","2022","8.05","8.05"
"بحص كونكري مكسر 3/4 انش","Aggreates 3/4","","","Q3","Q3","2022","2022","1223.33","1223.33"
"بحص كونكري مكسر 3/8 انش","Aggreates 3/8","","","Q3","Q3","2022","2022","1223.33","1223.33"
"بحص كونكري مكسر 3/16 انش ","Aggreates 3/16","","","Q3","Q3","2022","2022","1383.33","1383.33"
"الرمـــل / ابيض","Sand / White","","","Q3","Q3","2022","2022","793.33","793.33"
"الرمـــل / اسود","Sand / Black","","","Q3","Q3","2022","2022","1116.67","1116.67"
"الرمـــل / احمر","Sand / Red","","","Q3","Q3","2022","2022","606.67","606.67"
"طابوق أسمنتي / مفرغ - 4 سم","Hollow - 4 cm","","","Q3","Q3","2022","2022","2.00","2.00"
"طابوق أسمنتي / مفرغ - 6 سم","Hollow - 6 cm","","","Q3","Q3","2022","2022","2.21","2.21"
"طابوق أسمنتي / مفرغ - 8 سم","Hollow - 8 cm","","","Q3","Q3","2022","2022","2.42","2.42"
"طابوق أسمنتي / مصمت - 4 سم ","Solid - 4 cm","","","Q3","Q3","2022","2022","3.01","3.01"
"طابوق أسمنتي / مصمت - 6 سم","Solid - 6 cm","","","Q3","Q3","2022","2022","3.42","3.42"
"طابوق أسمنتي / مصمت - 8 سم","Solid - 8 cm","","","Q3","Q3","2022","2022","3.47","3.47"
"خرسانة جاهـزة / بورتلاند عادي نيوتن 40","Concrete Ready Mix / Normal - neutin 40","","","Q3","Q3","2022","2022","222.34","222.34"
"خرسانة جاهـزة / مقاوم للاملاح نيوتن 40","Concrete Ready Mix / Sulphate Resistance - neutin 40","","","Q3","Q3","2022","2022","232.87","232.87"
"حديد مبروم 8-6  ملم","Steel Bars 6-8 mm","","","Q3","Q3","2022","2022","2689.87","2689.87"
"حديد مبروم25 -10  ملم","steel Bars 10 - 25","","","Q3","Q3","2022","2022","2537.22","2537.22"
"شبك حديد للأرضيات  6 ملم","B.R.C. Mesh  6 m.m","","","Q3","Q3","2022","2022","64.71","64.71"
"شبك حديد للأرضيات  7 ملم","B.R.C. Mesh  7 m.m","","","Q3","Q3","2022","2022","91.70","91.70"
"شبك حديد للأرضيات  8 ملم","B.R.C. Mesh 8 m.m","","","Q3","Q3","2022","2022","124.70","124.70"
"اسمنت مقاوم للاملاح","Cement sulphate Resistance","","","Q4","Q4","2022","2022","15.66","15.66"
"اسمنت عادي بورتلاند","Cement Portland Cement","","","Q4","Q4","2022","2022","12.82","12.82"
"اسمنت ابيض","Cement White Cement","","","Q4","Q4","2022","2022","34.36","34.36"
"الجير","Lime","","","Q4","Q4","2022","2022","15.75","15.75"
"الجبس","Gypsum","","","Q4","Q4","2022","2022","8.05","8.05"
"بحص كونكري مكسر 3/4 انش","Aggreates 3/4","","","Q4","Q4","2022","2022","1223.33","1223.33"
"بحص كونكري مكسر 3/8 انش","Aggreates 3/8","","","Q4","Q4","2022","2022","1223.33","1223.33"
"بحص كونكري مكسر 3/16 انش ","Aggreates 3/16","","","Q4","Q4","2022","2022","1383.33","1383.33"
"الرمـــل / ابيض","Sand / White","","","Q4","Q4","2022","2022","793.33","793.33"
"الرمـــل / اسود","Sand / Black","","","Q4","Q4","2022","2022","1116.67","1116.67"
"الرمـــل / احمر","Sand / Red","","","Q4","Q4","2022","2022","606.67","606.67"
"طابوق أسمنتي / مفرغ - 4 سم","Hollow - 4 cm","","","Q4","Q4","2022","2022","2.00","2.00"
"طابوق أسمنتي / مفرغ - 6 سم","Hollow - 6 cm","","","Q4","Q4","2022","2022","2.21","2.21"
"طابوق أسمنتي / مفرغ - 8 سم","Hollow - 8 cm","","","Q4","Q4","2022","2022","2.42","2.42"
"طابوق أسمنتي / مصمت - 4 سم ","Solid - 4 cm","","","Q4","Q4","2022","2022","3.01","3.01"
"طابوق أسمنتي / مصمت - 6 سم","Solid - 6 cm","","","Q4","Q4","2022","2022","3.42","3.42"
"طابوق أسمنتي / مصمت - 8 سم","Solid - 8 cm","","","Q4","Q4","2022","2022","3.47","3.47"
"خرسانة جاهـزة / بورتلاند عادي نيوتن 40","Concrete Ready Mix / Normal - neutin 40","","","Q4","Q4","2022","2022","226.24","226.24"
"خرسانة جاهـزة / مقاوم للاملاح نيوتن 40","Concrete Ready Mix / Sulphate Resistance - neutin 40","","","Q4","Q4","2022","2022","235.43","235.43"
"حديد مبروم 8-6  ملم","Steel Bars 6-8 mm","","","Q4","Q4","2022","2022","2587.77","2587.77"
"حديد مبروم25 -10  ملم","steel Bars 10 - 25","","","Q4","Q4","2022","2022","2421.54","2421.54"
"شبك حديد للأرضيات  6 ملم","B.R.C. Mesh  6 m.m","","","Q4","Q4","2022","2022","60.74","60.74"
"شبك حديد للأرضيات  7 ملم","B.R.C. Mesh  7 m.m","","","Q4","Q4","2022","2022","86.67","86.67"
"شبك حديد للأرضيات  8 ملم","B.R.C. Mesh 8 m.m","","","Q4","Q4","2022","2022","117.00","117.00"
"اسمنت مقاوم للاملاح","Cement sulphate Resistance","","","Q1","Q1","2023","2023","15.36","15.36"
"اسمنت عادي بورتلاند","Cement Portland Cement","","","Q1","Q1","2023","2023","12.52","12.52"
"اسمنت ابيض","Cement White Cement","","","Q1","Q1","2023","2023","34.01","34.01"
"الجير","Lime","","","Q1","Q1","2023","2023","15.75","15.75"
"الجبس","Gypsum","","","Q1","Q1","2023","2023","8.05","8.05"
"بحص كونكري مكسر 3/4 انش","Aggreates 3/4","","","Q1","Q1","2023","2023","1223.33","1223.33"
"بحص كونكري مكسر 3/8 انش","Aggreates 3/8","","","Q1","Q1","2023","2023","1223.33","1223.33"
"بحص كونكري مكسر 3/16 انش ","Aggreates 3/16","","","Q1","Q1","2023","2023","1383.33","1383.33"
"الرمـــل / ابيض","Sand / White","","","Q1","Q1","2023","2023","793.33","793.33"
"الرمـــل / اسود","Sand / Black","","","Q1","Q1","2023","2023","1116.67","1116.67"
"الرمـــل / احمر","Sand / Red","","","Q1","Q1","2023","2023","606.67","606.67"
"طابوق أسمنتي / مفرغ - 4 سم","Hollow - 4 cm","","","Q1","Q1","2023","2023","2.00","2.00"
"طابوق أسمنتي / مفرغ - 6 سم","Hollow - 6 cm","","","Q1","Q1","2023","2023","2.21","2.21"
"طابوق أسمنتي / مفرغ - 8 سم","Hollow - 8 cm","","","Q1","Q1","2023","2023","2.42","2.42"
"طابوق أسمنتي / مصمت - 4 سم ","Solid - 4 cm","","","Q1","Q1","2023","2023","3.01","3.01"
"طابوق أسمنتي / مصمت - 6 سم","Solid - 6 cm","","","Q1","Q1","2023","2023","3.42","3.42"
"طابوق أسمنتي / مصمت - 8 سم","Solid - 8 cm","","","Q1","Q1","2023","2023","3.47","3.47"
"خرسانة جاهـزة / بورتلاند عادي نيوتن 40","Concrete Ready Mix / Normal - neutin 40","","","Q1","Q1","2023","2023","230.09","230.09"
"خرسانة جاهـزة / مقاوم للاملاح نيوتن 40","Concrete Ready Mix / Sulphate Resistance - neutin 40","","","Q1","Q1","2023","2023","240.55","240.55"
"حديد مبروم 8-6  ملم","Steel Bars 6-8 mm","","","Q1","Q1","2023","2023","2825.66","2825.66"
"حديد مبروم25 -10  ملم","steel Bars 10 - 25","","","Q1","Q1","2023","2023","2651.64","2651.64"
"شبك حديد للأرضيات  6 ملم","B.R.C. Mesh  6 m.m","","","Q1","Q1","2023","2023","66.21","66.21"
"شبك حديد للأرضيات  7 ملم","B.R.C. Mesh  7 m.m","","","Q1","Q1","2023","2023","90.70","90.70"
"شبك حديد للأرضيات  8 ملم","B.R.C. Mesh 8 m.m","","","Q1","Q1","2023","2023","121.40","121.40"
"اسمنت مقاوم للاملاح","Cement sulphate Resistance","","","Q2","Q2","2023","2023","16.23","16.23"
"اسمنت عادي بورتلاند","Cement Portland Cement","","","Q2","Q2","2023","2023","13.90","13.90"
"اسمنت ابيض","Cement White Cement","","","Q2","Q2","2023","2023","34.07","34.07"
"الجير","Lime","","","Q2","Q2","2023","2023","15.75","15.75"
"الجبس","Gypsum","","","Q2","Q2","2023","2023","7.93","7.93"
"بحص كونكري مكسر 3/4 انش","Aggreates 3/4","","","Q2","Q2","2023","2023","1173.33","1173.33"
"بحص كونكري مكسر 3/8 انش","Aggreates 3/8","","","Q2","Q2","2023","2023","1173.33","1173.33"
"بحص كونكري مكسر 3/16 انش ","Aggreates 3/16","","","Q2","Q2","2023","2023","1370.00","1370.00"
"الرمـــل / ابيض","Sand / White","","","Q2","Q2","2023","2023","758.33","758.33"
"الرمـــل / اسود","Sand / Black","","","Q2","Q2","2023","2023","1083.33","1083.33"
"الرمـــل / احمر","Sand / Red","","","Q2","Q2","2023","2023","596.67","596.67"
"طابوق أسمنتي / مفرغ - 4 سم","Hollow - 4 cm","","","Q2","Q2","2023","2023","2.03","2.03"
"طابوق أسمنتي / مفرغ - 6 سم","Hollow - 6 cm","","","Q2","Q2","2023","2023","2.23","2.23"
"طابوق أسمنتي / مفرغ - 8 سم","Hollow - 8 cm","","","Q2","Q2","2023","2023","2.45","2.45"
"طابوق أسمنتي / مصمت - 4 سم ","Solid - 4 cm","","","Q2","Q2","2023","2023","3.09","3.09"
"طابوق أسمنتي / مصمت - 6 سم","Solid - 6 cm","","","Q2","Q2","2023","2023","3.44","3.44"
"طابوق أسمنتي / مصمت - 8 سم","Solid - 8 cm","","","Q2","Q2","2023","2023","3.50","3.50"
"خرسانة جاهـزة / بورتلاند عادي نيوتن 40","Concrete Ready Mix / Normal - neutin 40","","","Q2","Q2","2023","2023","240.92","240.92"
"خرسانة جاهـزة / مقاوم للاملاح نيوتن 40","Concrete Ready Mix / Sulphate Resistance - neutin 40","","","Q2","Q2","2023","2023","249.57","249.57"
"حديد مبروم 8-6  ملم","Steel Bars 6-8 mm","","","Q2","Q2","2023","2023","2835.06","2835.06"
"حديد مبروم25 -10  ملم","steel Bars 10 - 25","","","Q2","Q2","2023","2023","2669.23","2669.23"
"شبك حديد للأرضيات  6 ملم","B.R.C. Mesh  6 m.m","","","Q2","Q2","2023","2023","64.62","64.62"
"شبك حديد للأرضيات  7 ملم","B.R.C. Mesh  7 m.m","","","Q2","Q2","2023","2023","87.02","87.02"
"شبك حديد للأرضيات  8 ملم","B.R.C. Mesh 8 m.m","","","Q2","Q2","2023","2023","121.21","121.21"
"اسمنت مقاوم للاملاح","Cement sulphate Resistance","","","Q3","Q3","2023","2023","16.01","16.01"
"اسمنت عادي بورتلاند","Cement Portland Cement","","","Q3","Q3","2023","2023","13.72","13.72"
"اسمنت ابيض","Cement White Cement","","","Q3","Q3","2023","2023","34.30","34.30"
"الجير","Lime","","","Q3","Q3","2023","2023","15.75","15.75"
"الجبس","Gypsum","","","Q3","Q3","2023","2023","7.70","7.70"
"بحص كونكري مكسر 3/4 انش","Aggreates 3/4","","","Q3","Q3","2023","2023","1190.83","1190.83"
"بحص كونكري مكسر 3/8 انش","Aggreates 3/8","","","Q3","Q3","2023","2023","1190.83","1190.83"
"بحص كونكري مكسر 3/16 انش ","Aggreates 3/16","","","Q3","Q3","2023","2023","1370.00","1370.00"
"الرمـــل / ابيض","Sand / White","","","Q3","Q3","2023","2023","770.58","770.58"
"الرمـــل / اسود","Sand / Black","","","Q3","Q3","2023","2023","1083.33","1083.33"
"الرمـــل / احمر","Sand / Red","","","Q3","Q3","2023","2023","596.67","596.67"
"طابوق أسمنتي / مفرغ - 4 سم","Hollow - 4 cm","","","Q3","Q3","2023","2023","2.07","2.07"
"طابوق أسمنتي / مفرغ - 6 سم","Hollow - 6 cm","","","Q3","Q3","2023","2023","2.24","2.24"
"طابوق أسمنتي / مفرغ - 8 سم","Hollow - 8 cm","","","Q3","Q3","2023","2023","2.49","2.49"
"طابوق أسمنتي / مصمت - 4 سم ","Solid - 4 cm","","","Q3","Q3","2023","2023","3.12","3.12"
"طابوق أسمنتي / مصمت - 6 سم","Solid - 6 cm","","","Q3","Q3","2023","2023","3.42","3.42"
"طابوق أسمنتي / مصمت - 8 سم","Solid - 8 cm","","","Q3","Q3","2023","2023","3.54","3.54"
"خرسانة جاهـزة / بورتلاند عادي نيوتن 40","Concrete Ready Mix / Normal - neutin 40","","","Q3","Q3","2023","2023","242.35","242.35"
"خرسانة جاهـزة / مقاوم للاملاح نيوتن 40","Concrete Ready Mix / Sulphate Resistance - neutin 40","","","Q3","Q3","2023","2023","239.43","239.43"
"حديد مبروم 8-6  ملم","Steel Bars 6-8 mm","","","Q3","Q3","2023","2023","2634.05","2634.05"
"حديد مبروم25 -10  ملم","steel Bars 10 - 25","","","Q3","Q3","2023","2023","2502.52","2502.52"
"شبك حديد للأرضيات  6 ملم","B.R.C. Mesh  6 m.m","","","Q3","Q3","2023","2023","61.28","61.28"
"شبك حديد للأرضيات  7 ملم","B.R.C. Mesh  7 m.m","","","Q3","Q3","2023","2023","81.00","81.00"
"شبك حديد للأرضيات  8 ملم","B.R.C. Mesh 8 m.m","","","Q3","Q3","2023","2023","111.29","111.29"
"اسمنت مقاوم للاملاح","Cement sulphate Resistance","","","Q4","Q4","2023","2023","15.49","15.49"
"اسمنت عادي بورتلاند","Cement Portland Cement","","","Q4","Q4","2023","2023","12.92","12.92"
"اسمنت ابيض","Cement White Cement","","","Q4","Q4","2023","2023","34.30","34.30"
"الجير","Lime","","","Q4","Q4","2023","2023","15.75","15.75"
"الجبس","Gypsum","","","Q4","Q4","2023","2023","7.70","7.70"
"بحص كونكري مكسر 3/4 انش","Aggreates 3/4","","","Q4","Q4","2023","2023","1190.83","1190.83"
"بحص كونكري مكسر 3/8 انش","Aggreates 3/8","","","Q4","Q4","2023","2023","1190.83","1190.83"
"بحص كونكري مكسر 3/16 انش ","Aggreates 3/16","","","Q4","Q4","2023","2023","1370.00","1370.00"
"الرمـــل / ابيض","Sand / White","","","Q4","Q4","2023","2023","770.58","770.58"
"الرمـــل / اسود","Sand / Black","","","Q4","Q4","2023","2023","1083.33","1083.33"
"الرمـــل / احمر","Sand / Red","","","Q4","Q4","2023","2023","596.67","596.67"
"طابوق أسمنتي / مفرغ - 4 سم","Hollow - 4 cm","","","Q4","Q4","2023","2023","2.07","2.07"
"طابوق أسمنتي / مفرغ - 6 سم","Hollow - 6 cm","","","Q4","Q4","2023","2023","2.24","2.24"
"طابوق أسمنتي / مفرغ - 8 سم","Hollow - 8 cm","","","Q4","Q4","2023","2023","2.45","2.45"
"طابوق أسمنتي / مصمت - 4 سم ","Solid - 4 cm","","","Q4","Q4","2023","2023","3.12","3.12"
"طابوق أسمنتي / مصمت - 6 سم","Solid - 6 cm","","","Q4","Q4","2023","2023","3.41","3.41"
"طابوق أسمنتي / مصمت - 8 سم","Solid - 8 cm","","","Q4","Q4","2023","2023","3.54","3.54"
"خرسانة جاهـزة / بورتلاند عادي نيوتن 40","Concrete Ready Mix / Normal - neutin 40","","","Q4","Q4","2023","2023","243.40","243.40"
"خرسانة جاهـزة / مقاوم للاملاح نيوتن 40","Concrete Ready Mix / Sulphate Resistance - neutin 40","","","Q4","Q4","2023","2023","241.66","241.66"
"حديد مبروم 8-6  ملم","Steel Bars 6-8 mm","","","Q4","Q4","2023","2023","2713.19","2713.19"
"حديد مبروم25 -10  ملم","steel Bars 10 - 25","","","Q4","Q4","2023","2023","2594.45","2594.45"
"شبك حديد للأرضيات  6 ملم","B.R.C. Mesh  6 m.m","","","Q4","Q4","2023","2023","62.66","62.66"
"شبك حديد للأرضيات  7 ملم","B.R.C. Mesh  7 m.m","","","Q4","Q4","2023","2023","81.25","81.25"
"شبك حديد للأرضيات  8 ملم","B.R.C. Mesh 8 m.m","","","Q4","Q4","2023","2023","110.96","110.96"
"اسمنت مقاوم للاملاح","Cement sulphate Resistance","","","Q1","Q1","2024","2024","15.66","15.66"
"اسمنت عادي بورتلاند","Cement Portland Cement","","","Q1","Q1","2024","2024","13.60","13.60"
"اسمنت ابيض","Cement White Cement","","","Q1","Q1","2024","2024","34.65","34.65"
"الجير","Lime","","","Q1","Q1","2024","2024","15.75","15.75"
"الجبس","Gypsum","","","Q1","Q1","2024","2024","7.70","7.70"
"بحص كونكري مكسر 3/4 انش","Aggreates 3/4","","","Q1","Q1","2024","2024","1228.61","1228.61"
"بحص كونكري مكسر 3/8 انش","Aggreates 3/8","","","Q1","Q1","2024","2024","1228.61","1228.61"
"بحص كونكري مكسر 3/16 انش ","Aggreates 3/16","","","Q1","Q1","2024","2024","1420.00","1420.00"
"الرمـــل / ابيض","Sand / White","","","Q1","Q1","2024","2024","790.03","790.03"
"الرمـــل / اسود","Sand / Black","","","Q1","Q1","2024","2024","1102.78","1102.78"
"الرمـــل / احمر","Sand / Red","","","Q1","Q1","2024","2024","609.44","609.44"
"طابوق أسمنتي / مفرغ - 4 سم","Hollow - 4 cm","","","Q1","Q1","2024","2024","2.49","2.49"
"طابوق أسمنتي / مفرغ - 6 سم","Hollow - 6 cm","","","Q1","Q1","2024","2024","2.66","2.66"
"طابوق أسمنتي / مفرغ - 8 سم","Hollow - 8 cm","","","Q1","Q1","2024","2024","2.91","2.91"
"طابوق أسمنتي / مصمت - 4 سم ","Solid - 4 cm","","","Q1","Q1","2024","2024","3.54","3.54"
"طابوق أسمنتي / مصمت - 6 سم","Solid - 6 cm","","","Q1","Q1","2024","2024","3.58","3.58"
"طابوق أسمنتي / مصمت - 8 سم","Solid - 8 cm","","","Q1","Q1","2024","2024","3.96","3.96"
"خرسانة جاهـزة / بورتلاند عادي نيوتن 40","Concrete Ready Mix / Normal - neutin 40","","","Q1","Q1","2024","2024","256.19","256.19"
"خرسانة جاهـزة / مقاوم للاملاح نيوتن 40","Concrete Ready Mix / Sulphate Resistance - neutin 40","","","Q1","Q1","2024","2024","258.44","258.44"
"حديد مبروم 8-6  ملم","Steel Bars 6-8 mm","","","Q1","Q1","2024","2024","2775.08","2775.08"
"حديد مبروم25 -10  ملم","steel Bars 10 - 25","","","Q1","Q1","2024","2024","2649.57","2649.57"
"شبك حديد للأرضيات  6 ملم","B.R.C. Mesh  6 m.m","","","Q1","Q1","2024","2024","63.20","63.20"
"شبك حديد للأرضيات  7 ملم","B.R.C. Mesh  7 m.m","","","Q1","Q1","2024","2024","83.12","83.12"
"شبك حديد للأرضيات  8 ملم","B.R.C. Mesh 8 m.m","","","Q1","Q1","2024","2024","111.03","111.03"
"اسمنت مقاوم للاملاح","Cement sulphate Resistance","","","Q2","Q2","2024","2024","15.49","15.49"
"اسمنت عادي بورتلاند","Cement Portland Cement","","","Q2","Q2","2024","2024","13.18","13.18"
"اسمنت ابيض","Cement White Cement","","","Q2","Q2","2024","2024","34.71","34.71"
"الجير","Lime","","","Q2","Q2","2024","2024","15.75","15.75"
"الجبس","Gypsum","","","Q2","Q2","2024","2024","7.70","7.70"
"بحص كونكري مكسر 3/4 انش","Aggreates 3/4","","","Q2","Q2","2024","2024","1190.83","1190.83"
"بحص كونكري مكسر 3/8 انش","Aggreates 3/8","","","Q2","Q2","2024","2024","1190.83","1190.83"
"بحص كونكري مكسر 3/16 انش ","Aggreates 3/16","","","Q2","Q2","2024","2024","1370.00","1370.00"
"الرمـــل / ابيض","Sand / White","","","Q2","Q2","2024","2024","770.58","770.58"
"الرمـــل / اسود","Sand / Black","","","Q2","Q2","2024","2024","1083.33","1083.33"
"الرمـــل / احمر","Sand / Red","","","Q2","Q2","2024","2024","596.67","596.67"
"طابوق أسمنتي / مفرغ - 4 سم","Hollow - 4 cm","","","Q2","Q2","2024","2024","2.35","2.35"
"طابوق أسمنتي / مفرغ - 6 سم","Hollow - 6 cm","","","Q2","Q2","2024","2024","2.52","2.52"
"طابوق أسمنتي / مفرغ - 8 سم","Hollow - 8 cm","","","Q2","Q2","2024","2024","2.77","2.77"
"طابوق أسمنتي / مصمت - 4 سم ","Solid - 4 cm","","","Q2","Q2","2024","2024","3.40","3.40"
"طابوق أسمنتي / مصمت - 6 سم","Solid - 6 cm","","","Q2","Q2","2024","2024","3.58","3.58"
"طابوق أسمنتي / مصمت - 8 سم","Solid - 8 cm","","","Q2","Q2","2024","2024","3.82","3.82"
"خرسانة جاهـزة / بورتلاند عادي نيوتن 40","Concrete Ready Mix / Normal - neutin 40","","","Q2","Q2","2024","2024","247.64","247.64"
"خرسانة جاهـزة / مقاوم للاملاح نيوتن 40","Concrete Ready Mix / Sulphate Resistance - neutin 40","","","Q2","Q2","2024","2024","246.70","246.70"
"حديد مبروم 8-6  ملم","Steel Bars 6-8 mm","","","Q2","Q2","2024","2024","2644.18","2644.18"
"حديد مبروم25 -10  ملم","steel Bars 10 - 25","","","Q2","Q2","2024","2024","2521.08","2521.08"
"شبك حديد للأرضيات  6 ملم","B.R.C. Mesh  6 m.m","","","Q2","Q2","2024","2024","60.13","60.13"
"شبك حديد للأرضيات  7 ملم","B.R.C. Mesh  7 m.m","","","Q2","Q2","2024","2024","79.59","79.59"
"شبك حديد للأرضيات  8 ملم","B.R.C. Mesh 8 m.m","","","Q2","Q2","2024","2024","106.57","106.57"
"اسمنت مقاوم للاملاح","Cement sulphate Resistance","","","Q3","Q3","2024","2024","15.49","15.49"
"اسمنت عادي بورتلاند","Cement Portland Cement","","","Q3","Q3","2024","2024","13.13","13.13"
"اسمنت ابيض","Cement White Cement","","","Q3","Q3","2024","2024","34.83","34.83"
"الجير","Lime","","","Q3","Q3","2024","2024","15.75","15.75"
"الجبس","Gypsum","","","Q3","Q3","2024","2024","7.70","7.70"
"بحص كونكري مكسر 3/4 انش","Aggreates 3/4","","","Q3","Q3","2024","2024","1190.83","1190.83"
"بحص كونكري مكسر 3/8 انش","Aggreates 3/8","","","Q3","Q3","2024","2024","1190.83","1190.83"
"بحص كونكري مكسر 3/16 انش ","Aggreates 3/16","","","Q3","Q3","2024","2024","1370.00","1370.00"
"الرمـــل / ابيض","Sand / White","","","Q3","Q3","2024","2024","770.58","770.58"
"الرمـــل / اسود","Sand / Black","","","Q3","Q3","2024","2024","1083.33","1083.33"
"الرمـــل / احمر","Sand / Red","","","Q3","Q3","2024","2024","586.11","586.11"
"طابوق أسمنتي / مفرغ - 4 سم","Hollow - 4 cm","","","Q3","Q3","2024","2024","2.35","2.35"
"طابوق أسمنتي / مفرغ - 6 سم","Hollow - 6 cm","","","Q3","Q3","2024","2024","2.52","2.52"
"طابوق أسمنتي / مفرغ - 8 سم","Hollow - 8 cm","","","Q3","Q3","2024","2024","2.77","2.77"
"طابوق أسمنتي / مصمت - 4 سم ","Solid - 4 cm","","","Q3","Q3","2024","2024","3.40","3.40"
"طابوق أسمنتي / مصمت - 6 سم","Solid - 6 cm","","","Q3","Q3","2024","2024","3.58","3.58"
"طابوق أسمنتي / مصمت - 8 سم","Solid - 8 cm","","","Q3","Q3","2024","2024","3.82","3.82"
"خرسانة جاهـزة / بورتلاند عادي نيوتن 40","Concrete Ready Mix / Normal - neutin 40","","","Q3","Q3","2024","2024","252.81","252.81"
"خرسانة جاهـزة / مقاوم للاملاح نيوتن 40","Concrete Ready Mix / Sulphate Resistance - neutin 40","","","Q3","Q3","2024","2024","254.52","254.52"
"حديد مبروم 8-6  ملم","Steel Bars 6-8 mm","","","Q3","Q3","2024","2024","2532.43","2532.43"
"حديد مبروم25 -10  ملم","steel Bars 10 - 25","","","Q3","Q3","2024","2024","2424.40","2424.40"
"شبك حديد للأرضيات  6 ملم","B.R.C. Mesh  6 m.m","","","Q3","Q3","2024","2024","62.91","62.91"
"شبك حديد للأرضيات  7 ملم","B.R.C. Mesh  7 m.m","","","Q3","Q3","2024","2024","77.09","77.09"
"شبك حديد للأرضيات  8 ملم","B.R.C. Mesh 8 m.m","","","Q3","Q3","2024","2024","110.02","110.02"
